Article,Language,Month,Count
Benito_Mussolini,it,2024-05,1.0
Benito_Mussolini,it,2024-04,5.0
Benito_Mussolini,it,2024-03,2.0
Benito_Mussolini,it,2024-02,8.0
Benito_Mussolini,it,2024-01,13.0
Benito_Mussolini,it,2023-12,7.0
Benito_Mussolini,it,2023-11,3.0
Benito_Mussolini,it,2023-10,2.0
Benito_Mussolini,it,2023-09,9.0
Benito_Mussolini,it,2023-08,5.0
Benito_Mussolini,it,2023-07,14.0
Benito_Mussolini,it,2023-06,13.0
Benito_Mussolini,it,2023-05,7.0
Benito_Mussolini,it,2023-04,14.0
Benito_Mussolini,it,2023-03,18.0
Benito_Mussolini,it,2023-02,15.0
Benito_Mussolini,it,2023-01,5.0
Benito_Mussolini,it,2022-12,2.0
Benito_Mussolini,it,2022-11,5.0
Benito_Mussolini,it,2022-10,16.0
Benito_Mussolini,it,2022-09,7.0
Benito_Mussolini,it,2022-08,12.0
Benito_Mussolini,it,2022-07,2.0
Benito_Mussolini,it,2022-06,5.0
Benito_Mussolini,it,2022-05,5.0
Benito_Mussolini,it,2022-04,4.0
Benito_Mussolini,it,2022-03,8.0
Benito_Mussolini,it,2022-02,7.0
Benito_Mussolini,it,2022-01,12.0
Benito_Mussolini,it,2021-12,8.0
Benito_Mussolini,it,2021-11,3.0
Benito_Mussolini,it,2021-10,3.0
Benito_Mussolini,it,2021-09,5.0
Benito_Mussolini,it,2021-08,15.0
Benito_Mussolini,it,2021-07,6.0
Benito_Mussolini,it,2021-06,4.0
Benito_Mussolini,it,2021-05,7.0
Benito_Mussolini,it,2021-04,10.0
Benito_Mussolini,it,2021-03,4.0
Benito_Mussolini,it,2021-02,3.0
Benito_Mussolini,it,2021-01,4.0
Benito_Mussolini,it,2020-12,3.0
Benito_Mussolini,it,2020-11,6.0
Benito_Mussolini,it,2020-10,1.0
Benito_Mussolini,it,2020-08,10.0
Benito_Mussolini,it,2020-07,3.0
Benito_Mussolini,it,2020-06,5.0
Benito_Mussolini,it,2020-05,10.0
Benito_Mussolini,it,2020-04,16.0
Benito_Mussolini,it,2020-03,13.0
Benito_Mussolini,it,2020-02,3.0
Benito_Mussolini,it,2020-01,14.0
Benito_Mussolini,it,2019-12,1.0
Benito_Mussolini,it,2019-11,1.0
Benito_Mussolini,it,2019-10,4.0
Benito_Mussolini,it,2019-09,6.0
Benito_Mussolini,it,2019-08,5.0
Benito_Mussolini,it,2019-07,18.0
Benito_Mussolini,it,2019-06,6.0
Benito_Mussolini,it,2019-05,4.0
Benito_Mussolini,it,2019-04,16.0
Benito_Mussolini,it,2019-03,11.0
Benito_Mussolini,it,2019-02,8.0
Benito_Mussolini,it,2019-01,11.0
Benito_Mussolini,it,2018-12,12.0
Benito_Mussolini,it,2018-11,26.0
Benito_Mussolini,it,2018-10,10.0
Benito_Mussolini,it,2018-09,2.0
Benito_Mussolini,it,2018-08,7.0
Benito_Mussolini,it,2018-07,8.0
Benito_Mussolini,it,2018-06,2.0
Benito_Mussolini,it,2018-05,2.0
Benito_Mussolini,it,2018-04,1.0
Benito_Mussolini,it,2018-03,3.0
Benito_Mussolini,it,2018-02,5.0
Benito_Mussolini,it,2018-01,7.0
Benito_Mussolini,it,2017-12,6.0
Benito_Mussolini,it,2017-11,21.0
Benito_Mussolini,it,2017-10,5.0
Benito_Mussolini,it,2017-09,4.0
Benito_Mussolini,it,2017-08,13.0
Benito_Mussolini,it,2017-07,5.0
Benito_Mussolini,it,2017-06,2.0
Benito_Mussolini,it,2017-05,5.0
Benito_Mussolini,it,2017-04,5.0
Benito_Mussolini,it,2017-03,5.0
Benito_Mussolini,it,2017-02,5.0
Benito_Mussolini,it,2017-01,3.0
Benito_Mussolini,it,2016-12,5.0
Benito_Mussolini,it,2016-11,6.0
Benito_Mussolini,it,2016-10,6.0
Benito_Mussolini,it,2016-09,5.0
Benito_Mussolini,it,2016-08,2.0
Benito_Mussolini,it,2016-07,6.0
Benito_Mussolini,it,2016-06,4.0
Benito_Mussolini,it,2016-05,9.0
Benito_Mussolini,it,2016-04,5.0
Benito_Mussolini,it,2016-03,10.0
Benito_Mussolini,it,2016-02,10.0
Benito_Mussolini,it,2016-01,1.0
Benito_Mussolini,it,2015-12,8.0
Benito_Mussolini,it,2015-11,12.0
Benito_Mussolini,it,2015-10,13.0
Benito_Mussolini,it,2015-09,2.0
Benito_Mussolini,it,2015-08,6.0
Benito_Mussolini,it,2015-07,7.0
Benito_Mussolini,it,2015-06,10.0
Benito_Mussolini,it,2015-05,21.0
Benito_Mussolini,it,2015-04,11.0
Benito_Mussolini,it,2015-03,3.0
Benito_Mussolini,it,2015-02,1.0
Benito_Mussolini,it,2015-01,4.0
Benito_Mussolini,it,2014-12,5.0
Benito_Mussolini,it,2014-11,1.0
Benito_Mussolini,it,2014-10,10.0
Benito_Mussolini,it,2014-09,12.0
Benito_Mussolini,it,2014-08,24.0
Benito_Mussolini,it,2014-07,1.0
Benito_Mussolini,it,2014-06,6.0
Benito_Mussolini,it,2014-05,10.0
Benito_Mussolini,it,2014-04,6.0
Benito_Mussolini,it,2014-03,14.0
Benito_Mussolini,it,2014-02,15.0
Benito_Mussolini,it,2014-01,6.0
Benito_Mussolini,it,2013-12,10.0
Benito_Mussolini,it,2013-11,13.0
Benito_Mussolini,it,2013-10,3.0
Benito_Mussolini,it,2013-09,14.0
Benito_Mussolini,it,2013-08,5.0
Benito_Mussolini,it,2013-07,18.0
Benito_Mussolini,it,2013-06,32.0
Benito_Mussolini,it,2013-05,19.0
Benito_Mussolini,it,2013-04,7.0
Benito_Mussolini,it,2013-03,15.0
Benito_Mussolini,it,2013-02,15.0
Benito_Mussolini,it,2013-01,11.0
Benito_Mussolini,it,2012-12,29.0
Benito_Mussolini,it,2012-11,7.0
Benito_Mussolini,it,2012-10,14.0
Benito_Mussolini,it,2012-09,3.0
Benito_Mussolini,it,2012-08,3.0
Benito_Mussolini,it,2012-07,11.0
Benito_Mussolini,it,2012-06,12.0
Benito_Mussolini,it,2012-05,5.0
Benito_Mussolini,it,2012-04,8.0
Benito_Mussolini,it,2012-03,13.0
Benito_Mussolini,it,2012-02,4.0
Benito_Mussolini,it,2012-01,12.0
Benito_Mussolini,it,2011-12,20.0
Benito_Mussolini,it,2011-11,8.0
Benito_Mussolini,it,2011-10,22.0
Benito_Mussolini,it,2011-09,45.0
Benito_Mussolini,it,2011-08,19.0
Benito_Mussolini,it,2011-07,14.0
Benito_Mussolini,it,2011-06,15.0
Benito_Mussolini,it,2011-05,10.0
Benito_Mussolini,it,2011-04,3.0
Benito_Mussolini,it,2011-03,21.0
Benito_Mussolini,it,2011-02,10.0
Benito_Mussolini,it,2011-01,8.0
Benito_Mussolini,it,2010-12,4.0
Benito_Mussolini,it,2010-11,18.0
Benito_Mussolini,it,2010-10,13.0
Benito_Mussolini,it,2010-09,11.0
Benito_Mussolini,it,2010-08,12.0
Benito_Mussolini,it,2010-07,22.0
Benito_Mussolini,it,2010-06,6.0
Benito_Mussolini,it,2010-05,11.0
Benito_Mussolini,it,2010-04,32.0
Benito_Mussolini,it,2010-03,37.0
Benito_Mussolini,it,2010-02,20.0
Benito_Mussolini,it,2010-01,33.0
Benito_Mussolini,it,2009-12,41.0
Benito_Mussolini,it,2009-11,54.0
Benito_Mussolini,it,2009-10,43.0
Benito_Mussolini,it,2009-09,39.0
Benito_Mussolini,it,2009-08,11.0
Benito_Mussolini,it,2009-07,6.0
Benito_Mussolini,it,2007-08,154.0
Benito_Mussolini,it,2007-07,50.0
Benito_Mussolini,it,2007-06,119.0
Benito_Mussolini,it,2007-05,379.0
Benito_Mussolini,it,2007-04,2.0
Fall_of_the_Fascist_regime_in_Italy,it,2024-03,4.0
Fall_of_the_Fascist_regime_in_Italy,it,2024-02,75.0
Fall_of_the_Fascist_regime_in_Italy,it,2024-01,19.0
Fall_of_the_Fascist_regime_in_Italy,it,2023-11,1.0
Fall_of_the_Fascist_regime_in_Italy,it,2023-10,3.0
Fall_of_the_Fascist_regime_in_Italy,it,2023-08,1.0
Fall_of_the_Fascist_regime_in_Italy,it,2023-07,8.0
Fall_of_the_Fascist_regime_in_Italy,it,2023-04,1.0
Fall_of_the_Fascist_regime_in_Italy,it,2023-03,2.0
Fall_of_the_Fascist_regime_in_Italy,it,2022-11,1.0
Fall_of_the_Fascist_regime_in_Italy,it,2022-09,3.0
Fall_of_the_Fascist_regime_in_Italy,it,2022-08,5.0
Fall_of_the_Fascist_regime_in_Italy,it,2022-07,1.0
Fall_of_the_Fascist_regime_in_Italy,it,2022-04,1.0
Fall_of_the_Fascist_regime_in_Italy,it,2022-03,2.0
Fall_of_the_Fascist_regime_in_Italy,it,2022-02,3.0
Fall_of_the_Fascist_regime_in_Italy,it,2022-01,1.0
Fall_of_the_Fascist_regime_in_Italy,it,2021-12,2.0
Fall_of_the_Fascist_regime_in_Italy,it,2021-11,4.0
Fall_of_the_Fascist_regime_in_Italy,it,2021-10,3.0
Fall_of_the_Fascist_regime_in_Italy,it,2021-09,8.0
Fall_of_the_Fascist_regime_in_Italy,it,2021-08,1.0
Fall_of_the_Fascist_regime_in_Italy,it,2021-07,3.0
Fall_of_the_Fascist_regime_in_Italy,it,2021-06,5.0
Fall_of_the_Fascist_regime_in_Italy,it,2021-05,7.0
Fall_of_the_Fascist_regime_in_Italy,it,2021-04,3.0
Fall_of_the_Fascist_regime_in_Italy,it,2021-03,15.0
Fall_of_the_Fascist_regime_in_Italy,it,2021-02,6.0
Fall_of_the_Fascist_regime_in_Italy,it,2020-12,7.0
Fall_of_the_Fascist_regime_in_Italy,it,2020-10,3.0
Fall_of_the_Fascist_regime_in_Italy,it,2020-08,9.0
Fall_of_the_Fascist_regime_in_Italy,it,2020-07,4.0
Fall_of_the_Fascist_regime_in_Italy,it,2020-06,11.0
Fall_of_the_Fascist_regime_in_Italy,it,2020-05,3.0
Fall_of_the_Fascist_regime_in_Italy,it,2020-04,5.0
Fall_of_the_Fascist_regime_in_Italy,it,2020-03,1.0
Fall_of_the_Fascist_regime_in_Italy,it,2020-01,5.0
Fall_of_the_Fascist_regime_in_Italy,it,2019-12,6.0
Fall_of_the_Fascist_regime_in_Italy,it,2019-11,4.0
Fall_of_the_Fascist_regime_in_Italy,it,2019-07,4.0
Fall_of_the_Fascist_regime_in_Italy,it,2019-06,1.0
Fall_of_the_Fascist_regime_in_Italy,it,2019-04,1.0
Fall_of_the_Fascist_regime_in_Italy,it,2019-03,5.0
Fall_of_the_Fascist_regime_in_Italy,it,2019-02,2.0
Fall_of_the_Fascist_regime_in_Italy,it,2019-01,3.0
Fall_of_the_Fascist_regime_in_Italy,it,2018-12,2.0
Fall_of_the_Fascist_regime_in_Italy,it,2018-11,14.0
Fall_of_the_Fascist_regime_in_Italy,it,2018-10,4.0
Fall_of_the_Fascist_regime_in_Italy,it,2018-08,3.0
Fall_of_the_Fascist_regime_in_Italy,it,2018-07,8.0
Fall_of_the_Fascist_regime_in_Italy,it,2018-06,8.0
Fall_of_the_Fascist_regime_in_Italy,it,2018-05,5.0
Fall_of_the_Fascist_regime_in_Italy,it,2018-04,3.0
Fall_of_the_Fascist_regime_in_Italy,it,2018-02,7.0
Fall_of_the_Fascist_regime_in_Italy,it,2018-01,3.0
Fall_of_the_Fascist_regime_in_Italy,it,2017-12,1.0
Fall_of_the_Fascist_regime_in_Italy,it,2017-11,6.0
Fall_of_the_Fascist_regime_in_Italy,it,2017-09,1.0
Fall_of_the_Fascist_regime_in_Italy,it,2017-08,11.0
Fall_of_the_Fascist_regime_in_Italy,it,2017-07,23.0
Fall_of_the_Fascist_regime_in_Italy,it,2017-05,2.0
Fall_of_the_Fascist_regime_in_Italy,it,2017-04,3.0
Fall_of_the_Fascist_regime_in_Italy,it,2017-03,1.0
Fall_of_the_Fascist_regime_in_Italy,it,2017-02,3.0
Fall_of_the_Fascist_regime_in_Italy,it,2016-12,12.0
Fall_of_the_Fascist_regime_in_Italy,it,2016-11,8.0
Fall_of_the_Fascist_regime_in_Italy,it,2016-10,2.0
Fall_of_the_Fascist_regime_in_Italy,it,2016-09,3.0
Fall_of_the_Fascist_regime_in_Italy,it,2016-08,4.0
Fall_of_the_Fascist_regime_in_Italy,it,2016-07,9.0
Fall_of_the_Fascist_regime_in_Italy,it,2016-06,6.0
Fall_of_the_Fascist_regime_in_Italy,it,2016-05,1.0
Fall_of_the_Fascist_regime_in_Italy,it,2016-04,2.0
Fall_of_the_Fascist_regime_in_Italy,it,2016-02,2.0
Fall_of_the_Fascist_regime_in_Italy,it,2016-01,16.0
Fall_of_the_Fascist_regime_in_Italy,it,2015-11,6.0
Fall_of_the_Fascist_regime_in_Italy,it,2015-09,2.0
Fall_of_the_Fascist_regime_in_Italy,it,2015-06,2.0
Fall_of_the_Fascist_regime_in_Italy,it,2015-05,2.0
Fall_of_the_Fascist_regime_in_Italy,it,2015-04,5.0
Fall_of_the_Fascist_regime_in_Italy,it,2015-03,2.0
Fall_of_the_Fascist_regime_in_Italy,it,2015-02,6.0
Fall_of_the_Fascist_regime_in_Italy,it,2015-01,5.0
Fall_of_the_Fascist_regime_in_Italy,it,2014-12,1.0
Fall_of_the_Fascist_regime_in_Italy,it,2014-11,1.0
Fall_of_the_Fascist_regime_in_Italy,it,2014-10,1.0
Fall_of_the_Fascist_regime_in_Italy,it,2014-08,1.0
Fall_of_the_Fascist_regime_in_Italy,it,2014-07,5.0
Fall_of_the_Fascist_regime_in_Italy,it,2014-05,2.0
Fall_of_the_Fascist_regime_in_Italy,it,2014-04,3.0
Fall_of_the_Fascist_regime_in_Italy,it,2014-02,1.0
Fall_of_the_Fascist_regime_in_Italy,it,2014-01,3.0
Fall_of_the_Fascist_regime_in_Italy,it,2013-12,2.0
Fall_of_the_Fascist_regime_in_Italy,it,2013-10,7.0
Fall_of_the_Fascist_regime_in_Italy,it,2013-09,12.0
Fall_of_the_Fascist_regime_in_Italy,it,2013-08,3.0
Fall_of_the_Fascist_regime_in_Italy,it,2013-07,18.0
Fall_of_the_Fascist_regime_in_Italy,it,2012-11,3.0
Fall_of_the_Fascist_regime_in_Italy,it,2012-04,1.0
Fall_of_the_Fascist_regime_in_Italy,it,2012-03,3.0
Fall_of_the_Fascist_regime_in_Italy,it,2012-02,4.0
Fall_of_the_Fascist_regime_in_Italy,it,2011-12,2.0
Fall_of_the_Fascist_regime_in_Italy,it,2011-11,1.0
Fall_of_the_Fascist_regime_in_Italy,it,2011-09,1.0
Fall_of_the_Fascist_regime_in_Italy,it,2011-04,1.0
Fall_of_the_Fascist_regime_in_Italy,it,2011-03,1.0
Fall_of_the_Fascist_regime_in_Italy,it,2011-01,4.0
Fall_of_the_Fascist_regime_in_Italy,it,2010-12,1.0
Fall_of_the_Fascist_regime_in_Italy,it,2010-11,2.0
Fall_of_the_Fascist_regime_in_Italy,it,2010-10,3.0
Fall_of_the_Fascist_regime_in_Italy,it,2010-09,2.0
Fall_of_the_Fascist_regime_in_Italy,it,2010-07,3.0
Fall_of_the_Fascist_regime_in_Italy,it,2010-06,2.0
Fall_of_the_Fascist_regime_in_Italy,it,2010-05,4.0
Fall_of_the_Fascist_regime_in_Italy,it,2010-04,3.0
Fall_of_the_Fascist_regime_in_Italy,it,2010-03,2.0
Fall_of_the_Fascist_regime_in_Italy,it,2010-02,12.0
Fall_of_the_Fascist_regime_in_Italy,it,2010-01,1.0
Fall_of_the_Fascist_regime_in_Italy,it,2009-12,4.0
Fall_of_the_Fascist_regime_in_Italy,it,2009-10,1.0
Fall_of_the_Fascist_regime_in_Italy,it,2009-08,2.0
Fall_of_the_Fascist_regime_in_Italy,it,2009-07,1.0
Fall_of_the_Fascist_regime_in_Italy,it,2009-06,6.0
Fall_of_the_Fascist_regime_in_Italy,it,2009-04,3.0
Fall_of_the_Fascist_regime_in_Italy,it,2009-03,2.0
Fall_of_the_Fascist_regime_in_Italy,it,2008-12,2.0
Fall_of_the_Fascist_regime_in_Italy,it,2008-11,3.0
Fall_of_the_Fascist_regime_in_Italy,it,2008-09,8.0
Fall_of_the_Fascist_regime_in_Italy,it,2008-08,1.0
Fall_of_the_Fascist_regime_in_Italy,it,2008-06,25.0
Fall_of_the_Fascist_regime_in_Italy,it,2008-05,4.0
Fall_of_the_Fascist_regime_in_Italy,it,2008-03,18.0
Fall_of_the_Fascist_regime_in_Italy,en,2024-04,2.0
Fall_of_the_Fascist_regime_in_Italy,en,2024-03,2.0
Fall_of_the_Fascist_regime_in_Italy,en,2024-01,3.0
Fall_of_the_Fascist_regime_in_Italy,en,2023-10,4.0
Fall_of_the_Fascist_regime_in_Italy,en,2023-09,3.0
Fall_of_the_Fascist_regime_in_Italy,en,2023-08,1.0
Fall_of_the_Fascist_regime_in_Italy,en,2023-06,3.0
Fall_of_the_Fascist_regime_in_Italy,en,2023-05,4.0
Fall_of_the_Fascist_regime_in_Italy,en,2023-04,1.0
Fall_of_the_Fascist_regime_in_Italy,en,2023-03,1.0
Fall_of_the_Fascist_regime_in_Italy,en,2023-01,2.0
Fall_of_the_Fascist_regime_in_Italy,en,2022-11,1.0
Fall_of_the_Fascist_regime_in_Italy,en,2022-10,3.0
Fall_of_the_Fascist_regime_in_Italy,en,2022-09,1.0
Fall_of_the_Fascist_regime_in_Italy,en,2022-07,2.0
Fall_of_the_Fascist_regime_in_Italy,en,2022-05,2.0
Fall_of_the_Fascist_regime_in_Italy,en,2022-03,2.0
Fall_of_the_Fascist_regime_in_Italy,en,2022-01,1.0
Fall_of_the_Fascist_regime_in_Italy,en,2021-11,4.0
Fall_of_the_Fascist_regime_in_Italy,en,2021-10,1.0
Fall_of_the_Fascist_regime_in_Italy,en,2021-09,2.0
Fall_of_the_Fascist_regime_in_Italy,en,2021-08,7.0
Fall_of_the_Fascist_regime_in_Italy,en,2021-07,1.0
Fall_of_the_Fascist_regime_in_Italy,en,2021-05,1.0
Fall_of_the_Fascist_regime_in_Italy,en,2021-04,4.0
Fall_of_the_Fascist_regime_in_Italy,en,2021-01,10.0
Fall_of_the_Fascist_regime_in_Italy,en,2020-12,1.0
Fall_of_the_Fascist_regime_in_Italy,en,2020-10,1.0
Fall_of_the_Fascist_regime_in_Italy,en,2020-09,4.0
Fall_of_the_Fascist_regime_in_Italy,en,2020-08,2.0
Fall_of_the_Fascist_regime_in_Italy,en,2020-07,3.0
Fall_of_the_Fascist_regime_in_Italy,en,2020-06,1.0
Fall_of_the_Fascist_regime_in_Italy,en,2020-05,1.0
Fall_of_the_Fascist_regime_in_Italy,en,2020-04,2.0
Fall_of_the_Fascist_regime_in_Italy,en,2020-02,4.0
Fall_of_the_Fascist_regime_in_Italy,en,2020-01,6.0
Fall_of_the_Fascist_regime_in_Italy,en,2019-12,4.0
Fall_of_the_Fascist_regime_in_Italy,en,2019-10,1.0
Fall_of_the_Fascist_regime_in_Italy,en,2019-09,1.0
Fall_of_the_Fascist_regime_in_Italy,en,2019-05,2.0
Fall_of_the_Fascist_regime_in_Italy,en,2019-04,3.0
Fall_of_the_Fascist_regime_in_Italy,en,2019-03,10.0
Fall_of_the_Fascist_regime_in_Italy,en,2019-01,5.0
Fall_of_the_Fascist_regime_in_Italy,en,2018-09,3.0
Fall_of_the_Fascist_regime_in_Italy,en,2018-07,2.0
Fall_of_the_Fascist_regime_in_Italy,en,2018-06,2.0
Fall_of_the_Fascist_regime_in_Italy,en,2018-04,1.0
Fall_of_the_Fascist_regime_in_Italy,en,2018-03,2.0
Fall_of_the_Fascist_regime_in_Italy,en,2018-01,2.0
Fall_of_the_Fascist_regime_in_Italy,en,2017-11,5.0
Fall_of_the_Fascist_regime_in_Italy,en,2017-10,1.0
Fall_of_the_Fascist_regime_in_Italy,en,2017-07,12.0
Fall_of_the_Fascist_regime_in_Italy,en,2016-12,4.0
Fall_of_the_Fascist_regime_in_Italy,en,2016-11,2.0
Fall_of_the_Fascist_regime_in_Italy,en,2016-08,1.0
Fall_of_the_Fascist_regime_in_Italy,en,2016-07,1.0
Fall_of_the_Fascist_regime_in_Italy,en,2016-03,4.0
Fall_of_the_Fascist_regime_in_Italy,en,2016-01,1.0
Fall_of_the_Fascist_regime_in_Italy,en,2015-11,1.0
Fall_of_the_Fascist_regime_in_Italy,en,2015-10,11.0
Fall_of_the_Fascist_regime_in_Italy,en,2015-09,1.0
Fall_of_the_Fascist_regime_in_Italy,en,2015-08,5.0
Fall_of_the_Fascist_regime_in_Italy,en,2015-06,1.0
Fall_of_the_Fascist_regime_in_Italy,en,2015-05,3.0
Fall_of_the_Fascist_regime_in_Italy,en,2015-01,4.0
Fall_of_the_Fascist_regime_in_Italy,en,2014-12,6.0
Fall_of_the_Fascist_regime_in_Italy,en,2014-09,4.0
Fall_of_the_Fascist_regime_in_Italy,en,2014-07,1.0
Fall_of_the_Fascist_regime_in_Italy,en,2014-04,1.0
Fall_of_the_Fascist_regime_in_Italy,en,2014-03,1.0
Fall_of_the_Fascist_regime_in_Italy,en,2014-02,1.0
Fall_of_the_Fascist_regime_in_Italy,en,2013-11,4.0
Fall_of_the_Fascist_regime_in_Italy,en,2013-09,3.0
Fall_of_the_Fascist_regime_in_Italy,en,2013-08,8.0
Fall_of_the_Fascist_regime_in_Italy,en,2013-07,257.0
Italian_Social_Republic,it,2024-04,11.0
Italian_Social_Republic,it,2024-02,1.0
Italian_Social_Republic,it,2024-01,3.0
Italian_Social_Republic,it,2023-12,3.0
Italian_Social_Republic,it,2023-11,6.0
Italian_Social_Republic,it,2023-08,3.0
Italian_Social_Republic,it,2023-05,1.0
Italian_Social_Republic,it,2023-04,3.0
Italian_Social_Republic,it,2023-03,1.0
Italian_Social_Republic,it,2023-02,3.0
Italian_Social_Republic,it,2023-01,2.0
Italian_Social_Republic,it,2022-11,1.0
Italian_Social_Republic,it,2022-09,6.0
Italian_Social_Republic,it,2022-08,9.0
Italian_Social_Republic,it,2022-07,1.0
Italian_Social_Republic,it,2022-06,3.0
Italian_Social_Republic,it,2022-05,7.0
Italian_Social_Republic,it,2022-04,1.0
Italian_Social_Republic,it,2022-03,1.0
Italian_Social_Republic,it,2022-02,4.0
Italian_Social_Republic,it,2022-01,1.0
Italian_Social_Republic,it,2021-12,1.0
Italian_Social_Republic,it,2021-11,3.0
Italian_Social_Republic,it,2021-10,1.0
Italian_Social_Republic,it,2021-08,2.0
Italian_Social_Republic,it,2021-07,2.0
Italian_Social_Republic,it,2021-06,5.0
Italian_Social_Republic,it,2021-05,4.0
Italian_Social_Republic,it,2021-04,1.0
Italian_Social_Republic,it,2021-03,1.0
Italian_Social_Republic,it,2021-02,1.0
Italian_Social_Republic,it,2021-01,16.0
Italian_Social_Republic,it,2020-12,3.0
Italian_Social_Republic,it,2020-07,5.0
Italian_Social_Republic,it,2020-06,2.0
Italian_Social_Republic,it,2020-05,1.0
Italian_Social_Republic,it,2020-04,1.0
Italian_Social_Republic,it,2020-03,1.0
Italian_Social_Republic,it,2020-02,7.0
Italian_Social_Republic,it,2020-01,2.0
Italian_Social_Republic,it,2019-12,3.0
Italian_Social_Republic,it,2019-11,5.0
Italian_Social_Republic,it,2019-08,4.0
Italian_Social_Republic,it,2019-07,3.0
Italian_Social_Republic,it,2019-06,3.0
Italian_Social_Republic,it,2019-05,2.0
Italian_Social_Republic,it,2019-04,1.0
Italian_Social_Republic,it,2019-03,2.0
Italian_Social_Republic,it,2019-02,7.0
Italian_Social_Republic,it,2019-01,2.0
Italian_Social_Republic,it,2018-12,2.0
Italian_Social_Republic,it,2018-11,9.0
Italian_Social_Republic,it,2018-10,4.0
Italian_Social_Republic,it,2018-09,2.0
Italian_Social_Republic,it,2018-08,6.0
Italian_Social_Republic,it,2018-07,9.0
Italian_Social_Republic,it,2018-06,16.0
Italian_Social_Republic,it,2018-05,17.0
Italian_Social_Republic,it,2018-04,17.0
Italian_Social_Republic,it,2018-03,15.0
Italian_Social_Republic,it,2018-02,12.0
Italian_Social_Republic,it,2018-01,7.0
Italian_Social_Republic,it,2017-12,37.0
Italian_Social_Republic,it,2017-11,2.0
Italian_Social_Republic,it,2017-10,1.0
Italian_Social_Republic,it,2017-09,3.0
Italian_Social_Republic,it,2017-08,10.0
Italian_Social_Republic,it,2017-07,7.0
Italian_Social_Republic,it,2017-06,1.0
Italian_Social_Republic,it,2017-05,3.0
Italian_Social_Republic,it,2017-04,11.0
Italian_Social_Republic,it,2017-03,8.0
Italian_Social_Republic,it,2017-02,2.0
Italian_Social_Republic,it,2017-01,5.0
Italian_Social_Republic,it,2016-12,4.0
Italian_Social_Republic,it,2016-11,11.0
Italian_Social_Republic,it,2016-10,11.0
Italian_Social_Republic,it,2016-09,8.0
Italian_Social_Republic,it,2016-08,4.0
Italian_Social_Republic,it,2016-07,1.0
Italian_Social_Republic,it,2016-06,8.0
Italian_Social_Republic,it,2016-05,19.0
Italian_Social_Republic,it,2016-04,20.0
Italian_Social_Republic,it,2016-03,2.0
Italian_Social_Republic,it,2016-02,3.0
Italian_Social_Republic,it,2016-01,9.0
Italian_Social_Republic,it,2015-12,8.0
Italian_Social_Republic,it,2015-11,14.0
Italian_Social_Republic,it,2015-10,9.0
Italian_Social_Republic,it,2015-09,4.0
Italian_Social_Republic,it,2015-08,2.0
Italian_Social_Republic,it,2015-07,11.0
Italian_Social_Republic,it,2015-06,4.0
Italian_Social_Republic,it,2015-05,10.0
Italian_Social_Republic,it,2015-04,23.0
Italian_Social_Republic,it,2015-03,1.0
Italian_Social_Republic,it,2015-02,13.0
Italian_Social_Republic,it,2015-01,12.0
Italian_Social_Republic,it,2014-12,5.0
Italian_Social_Republic,it,2014-11,8.0
Italian_Social_Republic,it,2014-10,23.0
Italian_Social_Republic,it,2014-09,8.0
Italian_Social_Republic,it,2014-08,5.0
Italian_Social_Republic,it,2014-07,2.0
Italian_Social_Republic,it,2014-06,10.0
Italian_Social_Republic,it,2014-05,7.0
Italian_Social_Republic,it,2014-04,9.0
Italian_Social_Republic,it,2014-03,4.0
Italian_Social_Republic,it,2014-02,5.0
Italian_Social_Republic,it,2014-01,8.0
Italian_Social_Republic,it,2013-12,2.0
Italian_Social_Republic,it,2013-10,4.0
Italian_Social_Republic,it,2013-09,4.0
Italian_Social_Republic,it,2013-08,9.0
Italian_Social_Republic,it,2013-07,5.0
Italian_Social_Republic,it,2013-06,8.0
Italian_Social_Republic,it,2013-05,3.0
Italian_Social_Republic,it,2013-04,9.0
Italian_Social_Republic,it,2013-03,11.0
Italian_Social_Republic,it,2013-02,3.0
Italian_Social_Republic,it,2013-01,4.0
Italian_Social_Republic,it,2012-12,21.0
Italian_Social_Republic,it,2012-11,4.0
Italian_Social_Republic,it,2012-10,1.0
Italian_Social_Republic,it,2012-09,8.0
Italian_Social_Republic,it,2012-08,5.0
Italian_Social_Republic,it,2012-07,7.0
Italian_Social_Republic,it,2012-06,10.0
Italian_Social_Republic,it,2012-05,11.0
Italian_Social_Republic,it,2012-04,13.0
Italian_Social_Republic,it,2012-03,7.0
Italian_Social_Republic,it,2012-02,4.0
Italian_Social_Republic,it,2012-01,19.0
Italian_Social_Republic,it,2011-12,4.0
Italian_Social_Republic,it,2011-11,12.0
Italian_Social_Republic,it,2011-10,15.0
Italian_Social_Republic,it,2011-09,42.0
Italian_Social_Republic,it,2011-08,10.0
Italian_Social_Republic,it,2011-07,3.0
Italian_Social_Republic,it,2011-06,7.0
Italian_Social_Republic,it,2011-05,5.0
Italian_Social_Republic,it,2011-04,2.0
Italian_Social_Republic,it,2011-03,9.0
Italian_Social_Republic,it,2011-02,2.0
Italian_Social_Republic,it,2011-01,9.0
Italian_Social_Republic,it,2010-12,49.0
Italian_Social_Republic,it,2010-11,12.0
Italian_Social_Republic,it,2010-10,15.0
Italian_Social_Republic,it,2010-09,42.0
Italian_Social_Republic,it,2010-08,6.0
Italian_Social_Republic,it,2010-07,14.0
Italian_Social_Republic,it,2010-06,5.0
Italian_Social_Republic,it,2010-05,94.0
Italian_Social_Republic,it,2010-04,16.0
Italian_Social_Republic,it,2010-03,20.0
Italian_Social_Republic,it,2010-02,8.0
Italian_Social_Republic,it,2010-01,18.0
Italian_Social_Republic,it,2009-12,12.0
Italian_Social_Republic,it,2009-11,12.0
Italian_Social_Republic,it,2009-10,13.0
Italian_Social_Republic,it,2009-09,8.0
Italian_Social_Republic,it,2009-08,9.0
Italian_Social_Republic,it,2009-07,18.0
Italian_Social_Republic,it,2009-06,19.0
Italian_Social_Republic,it,2009-05,5.0
Italian_Social_Republic,it,2009-04,18.0
Italian_Social_Republic,it,2009-03,8.0
Italian_Social_Republic,it,2009-02,3.0
Italian_Social_Republic,it,2009-01,33.0
Italian_Social_Republic,it,2008-12,46.0
Italian_Social_Republic,it,2008-11,6.0
Italian_Social_Republic,it,2008-10,24.0
Italian_Social_Republic,it,2008-09,38.0
Italian_Social_Republic,it,2008-08,36.0
Italian_Social_Republic,it,2008-07,5.0
Italian_Social_Republic,it,2008-06,4.0
Italian_Social_Republic,it,2008-05,6.0
Italian_Social_Republic,it,2008-04,41.0
Italian_Social_Republic,it,2008-03,45.0
Italian_Social_Republic,it,2008-02,37.0
Italian_Social_Republic,it,2008-01,6.0
Italian_Social_Republic,it,2007-12,15.0
Italian_Social_Republic,it,2007-11,9.0
Italian_Social_Republic,it,2007-10,20.0
Italian_Social_Republic,it,2007-09,25.0
Italian_Social_Republic,it,2007-08,30.0
Italian_Social_Republic,it,2007-07,15.0
Italian_Social_Republic,it,2007-06,17.0
Italian_Social_Republic,it,2007-05,11.0
Italian_Social_Republic,it,2007-04,10.0
Italian_Social_Republic,it,2007-03,39.0
Italian_Social_Republic,it,2007-02,36.0
Italian_Social_Republic,it,2007-01,39.0
Italian_Social_Republic,it,2006-12,13.0
Italian_Social_Republic,it,2006-11,5.0
Italian_Social_Republic,en,2024-05,1.0
Italian_Social_Republic,en,2024-04,24.0
Italian_Social_Republic,en,2024-03,8.0
Italian_Social_Republic,en,2024-02,6.0
Italian_Social_Republic,en,2024-01,33.0
Italian_Social_Republic,en,2023-12,16.0
Italian_Social_Republic,en,2023-11,9.0
Italian_Social_Republic,en,2023-10,11.0
Italian_Social_Republic,en,2023-09,12.0
Italian_Social_Republic,en,2023-08,5.0
Italian_Social_Republic,en,2023-07,9.0
Italian_Social_Republic,en,2023-06,8.0
Italian_Social_Republic,en,2023-04,4.0
Italian_Social_Republic,en,2023-03,2.0
Italian_Social_Republic,en,2023-02,18.0
Italian_Social_Republic,en,2023-01,15.0
Italian_Social_Republic,en,2022-12,9.0
Italian_Social_Republic,en,2022-11,8.0
Italian_Social_Republic,en,2022-10,7.0
Italian_Social_Republic,en,2022-09,6.0
Italian_Social_Republic,en,2022-08,6.0
Italian_Social_Republic,en,2022-07,3.0
Italian_Social_Republic,en,2022-06,4.0
Italian_Social_Republic,en,2022-05,3.0
Italian_Social_Republic,en,2022-03,20.0
Italian_Social_Republic,en,2022-02,20.0
Italian_Social_Republic,en,2022-01,4.0
Italian_Social_Republic,en,2021-12,6.0
Italian_Social_Republic,en,2021-11,7.0
Italian_Social_Republic,en,2021-10,12.0
Italian_Social_Republic,en,2021-09,14.0
Italian_Social_Republic,en,2021-08,3.0
Italian_Social_Republic,en,2021-07,14.0
Italian_Social_Republic,en,2021-06,23.0
Italian_Social_Republic,en,2021-05,14.0
Italian_Social_Republic,en,2021-04,8.0
Italian_Social_Republic,en,2021-03,3.0
Italian_Social_Republic,en,2021-02,8.0
Italian_Social_Republic,en,2021-01,10.0
Italian_Social_Republic,en,2020-12,38.0
Italian_Social_Republic,en,2020-11,3.0
Italian_Social_Republic,en,2020-10,2.0
Italian_Social_Republic,en,2020-09,10.0
Italian_Social_Republic,en,2020-08,5.0
Italian_Social_Republic,en,2020-07,4.0
Italian_Social_Republic,en,2020-06,6.0
Italian_Social_Republic,en,2020-05,5.0
Italian_Social_Republic,en,2020-04,11.0
Italian_Social_Republic,en,2020-03,14.0
Italian_Social_Republic,en,2020-02,3.0
Italian_Social_Republic,en,2020-01,4.0
Italian_Social_Republic,en,2019-12,7.0
Italian_Social_Republic,en,2019-11,5.0
Italian_Social_Republic,en,2019-10,6.0
Italian_Social_Republic,en,2019-09,8.0
Italian_Social_Republic,en,2019-08,8.0
Italian_Social_Republic,en,2019-07,17.0
Italian_Social_Republic,en,2019-06,3.0
Italian_Social_Republic,en,2019-05,1.0
Italian_Social_Republic,en,2019-04,5.0
Italian_Social_Republic,en,2019-03,5.0
Italian_Social_Republic,en,2019-02,3.0
Italian_Social_Republic,en,2019-01,4.0
Italian_Social_Republic,en,2018-12,4.0
Italian_Social_Republic,en,2018-11,3.0
Italian_Social_Republic,en,2018-10,7.0
Italian_Social_Republic,en,2018-09,5.0
Italian_Social_Republic,en,2018-08,6.0
Italian_Social_Republic,en,2018-07,1.0
Italian_Social_Republic,en,2018-06,4.0
Italian_Social_Republic,en,2018-05,4.0
Italian_Social_Republic,en,2018-04,5.0
Italian_Social_Republic,en,2018-03,9.0
Italian_Social_Republic,en,2018-02,2.0
Italian_Social_Republic,en,2018-01,1.0
Italian_Social_Republic,en,2017-12,10.0
Italian_Social_Republic,en,2017-11,7.0
Italian_Social_Republic,en,2017-10,12.0
Italian_Social_Republic,en,2017-09,1.0
Italian_Social_Republic,en,2017-08,1.0
Italian_Social_Republic,en,2017-07,7.0
Italian_Social_Republic,en,2017-06,3.0
Italian_Social_Republic,en,2017-05,11.0
Italian_Social_Republic,en,2017-04,24.0
Italian_Social_Republic,en,2017-03,3.0
Italian_Social_Republic,en,2017-02,4.0
Italian_Social_Republic,en,2017-01,13.0
Italian_Social_Republic,en,2016-12,3.0
Italian_Social_Republic,en,2016-11,1.0
Italian_Social_Republic,en,2016-10,11.0
Italian_Social_Republic,en,2016-09,5.0
Italian_Social_Republic,en,2016-08,1.0
Italian_Social_Republic,en,2016-07,13.0
Italian_Social_Republic,en,2016-06,3.0
Italian_Social_Republic,en,2016-05,2.0
Italian_Social_Republic,en,2016-04,1.0
Italian_Social_Republic,en,2016-03,2.0
Italian_Social_Republic,en,2016-02,6.0
Italian_Social_Republic,en,2016-01,1.0
Italian_Social_Republic,en,2015-12,4.0
Italian_Social_Republic,en,2015-11,11.0
Italian_Social_Republic,en,2015-10,15.0
Italian_Social_Republic,en,2015-09,12.0
Italian_Social_Republic,en,2015-08,15.0
Italian_Social_Republic,en,2015-07,5.0
Italian_Social_Republic,en,2015-06,4.0
Italian_Social_Republic,en,2015-05,2.0
Italian_Social_Republic,en,2015-04,2.0
Italian_Social_Republic,en,2015-03,5.0
Italian_Social_Republic,en,2015-02,13.0
Italian_Social_Republic,en,2015-01,3.0
Italian_Social_Republic,en,2014-12,9.0
Italian_Social_Republic,en,2014-11,2.0
Italian_Social_Republic,en,2014-10,8.0
Italian_Social_Republic,en,2014-09,5.0
Italian_Social_Republic,en,2014-08,13.0
Italian_Social_Republic,en,2014-07,9.0
Italian_Social_Republic,en,2014-06,3.0
Italian_Social_Republic,en,2014-05,8.0
Italian_Social_Republic,en,2014-04,11.0
Italian_Social_Republic,en,2014-03,5.0
Italian_Social_Republic,en,2014-02,1.0
Italian_Social_Republic,en,2014-01,8.0
Italian_Social_Republic,en,2013-12,3.0
Italian_Social_Republic,en,2013-11,9.0
Italian_Social_Republic,en,2013-10,9.0
Italian_Social_Republic,en,2013-09,10.0
Italian_Social_Republic,en,2013-08,7.0
Italian_Social_Republic,en,2013-07,7.0
Italian_Social_Republic,en,2013-05,3.0
Italian_Social_Republic,en,2013-04,6.0
Italian_Social_Republic,en,2013-03,5.0
Italian_Social_Republic,en,2013-02,11.0
Italian_Social_Republic,en,2013-01,8.0
Italian_Social_Republic,en,2012-12,38.0
Italian_Social_Republic,en,2012-11,21.0
Italian_Social_Republic,en,2012-10,16.0
Italian_Social_Republic,en,2012-09,5.0
Italian_Social_Republic,en,2012-08,1.0
Italian_Social_Republic,en,2012-07,6.0
Italian_Social_Republic,en,2012-06,2.0
Italian_Social_Republic,en,2012-05,5.0
Italian_Social_Republic,en,2012-04,2.0
Italian_Social_Republic,en,2012-03,7.0
Italian_Social_Republic,en,2012-02,9.0
Italian_Social_Republic,en,2012-01,4.0
Italian_Social_Republic,en,2011-12,9.0
Italian_Social_Republic,en,2011-11,6.0
Italian_Social_Republic,en,2011-10,12.0
Italian_Social_Republic,en,2011-09,4.0
Italian_Social_Republic,en,2011-08,5.0
Italian_Social_Republic,en,2011-07,6.0
Italian_Social_Republic,en,2011-06,14.0
Italian_Social_Republic,en,2011-05,5.0
Italian_Social_Republic,en,2011-04,17.0
Italian_Social_Republic,en,2011-02,2.0
Italian_Social_Republic,en,2011-01,2.0
Italian_Social_Republic,en,2010-12,8.0
Italian_Social_Republic,en,2010-11,9.0
Italian_Social_Republic,en,2010-10,4.0
Italian_Social_Republic,en,2010-09,5.0
Italian_Social_Republic,en,2010-08,2.0
Italian_Social_Republic,en,2010-07,10.0
Italian_Social_Republic,en,2010-05,15.0
Italian_Social_Republic,en,2010-04,11.0
Italian_Social_Republic,en,2010-03,19.0
Italian_Social_Republic,en,2010-02,9.0
Italian_Social_Republic,en,2010-01,3.0
Italian_Social_Republic,en,2009-12,3.0
Italian_Social_Republic,en,2009-11,8.0
Italian_Social_Republic,en,2009-10,16.0
Italian_Social_Republic,en,2009-09,11.0
Italian_Social_Republic,en,2009-08,8.0
Italian_Social_Republic,en,2009-07,1.0
Italian_Social_Republic,en,2009-06,7.0
Italian_Social_Republic,en,2009-05,7.0
Italian_Social_Republic,en,2009-04,6.0
Italian_Social_Republic,en,2009-03,18.0
Italian_Social_Republic,en,2009-02,7.0
Italian_Social_Republic,en,2009-01,5.0
Italian_Social_Republic,en,2008-12,13.0
Italian_Social_Republic,en,2008-11,12.0
Italian_Social_Republic,en,2008-10,12.0
Italian_Social_Republic,en,2008-09,6.0
Italian_Social_Republic,en,2008-08,6.0
Italian_Social_Republic,en,2008-07,5.0
Italian_Social_Republic,en,2008-06,16.0
Italian_Social_Republic,en,2008-05,10.0
Italian_Social_Republic,en,2008-04,23.0
Italian_Social_Republic,en,2008-03,42.0
Italian_Social_Republic,en,2008-02,9.0
Italian_Social_Republic,en,2008-01,9.0
Italian_Social_Republic,en,2007-12,7.0
Italian_Social_Republic,en,2007-11,10.0
Italian_Social_Republic,en,2007-10,3.0
Italian_Social_Republic,en,2007-09,4.0
Italian_Social_Republic,en,2007-08,6.0
Italian_Social_Republic,en,2007-07,6.0
Italian_Social_Republic,en,2007-06,15.0
Italian_Social_Republic,en,2007-05,23.0
Italian_Social_Republic,en,2007-04,13.0
Italian_Social_Republic,en,2007-03,53.0
Italian_Social_Republic,en,2007-02,118.0
Italian_Social_Republic,en,2007-01,16.0
Italian_Social_Republic,en,2006-12,3.0
Italian_Social_Republic,en,2006-11,1.0
Italian_Social_Republic,en,2006-10,3.0
Italian_Social_Republic,en,2006-09,9.0
Rodolfo_Graziani,it,2024-04,5.0
Rodolfo_Graziani,it,2024-02,4.0
Rodolfo_Graziani,it,2024-01,6.0
Rodolfo_Graziani,it,2023-12,1.0
Rodolfo_Graziani,it,2023-11,25.0
Rodolfo_Graziani,it,2023-10,10.0
Rodolfo_Graziani,it,2023-09,2.0
Rodolfo_Graziani,it,2023-06,2.0
Rodolfo_Graziani,it,2023-05,13.0
Rodolfo_Graziani,it,2023-04,2.0
Rodolfo_Graziani,it,2023-03,2.0
Rodolfo_Graziani,it,2023-02,2.0
Rodolfo_Graziani,it,2023-01,1.0
Rodolfo_Graziani,it,2022-12,2.0
Rodolfo_Graziani,it,2022-11,17.0
Rodolfo_Graziani,it,2022-10,2.0
Rodolfo_Graziani,it,2022-09,1.0
Rodolfo_Graziani,it,2022-08,6.0
Rodolfo_Graziani,it,2022-07,3.0
Rodolfo_Graziani,it,2022-06,1.0
Rodolfo_Graziani,it,2022-05,3.0
Rodolfo_Graziani,it,2022-04,4.0
Rodolfo_Graziani,it,2022-03,1.0
Rodolfo_Graziani,it,2022-02,2.0
Rodolfo_Graziani,it,2022-01,5.0
Rodolfo_Graziani,it,2021-12,8.0
Rodolfo_Graziani,it,2021-11,1.0
Rodolfo_Graziani,it,2021-10,5.0
Rodolfo_Graziani,it,2021-09,3.0
Rodolfo_Graziani,it,2021-08,10.0
Rodolfo_Graziani,it,2021-07,9.0
Rodolfo_Graziani,it,2021-06,40.0
Rodolfo_Graziani,it,2021-05,1.0
Rodolfo_Graziani,it,2021-04,1.0
Rodolfo_Graziani,it,2021-03,13.0
Rodolfo_Graziani,it,2021-02,12.0
Rodolfo_Graziani,it,2021-01,5.0
Rodolfo_Graziani,it,2020-12,1.0
Rodolfo_Graziani,it,2020-10,11.0
Rodolfo_Graziani,it,2020-09,4.0
Rodolfo_Graziani,it,2020-08,14.0
Rodolfo_Graziani,it,2020-06,4.0
Rodolfo_Graziani,it,2020-05,8.0
Rodolfo_Graziani,it,2020-04,4.0
Rodolfo_Graziani,it,2020-03,2.0
Rodolfo_Graziani,it,2020-02,1.0
Rodolfo_Graziani,it,2020-01,1.0
Rodolfo_Graziani,it,2019-12,2.0
Rodolfo_Graziani,it,2019-11,3.0
Rodolfo_Graziani,it,2019-10,8.0
Rodolfo_Graziani,it,2019-08,2.0
Rodolfo_Graziani,it,2019-07,1.0
Rodolfo_Graziani,it,2019-06,4.0
Rodolfo_Graziani,it,2019-05,3.0
Rodolfo_Graziani,it,2019-04,3.0
Rodolfo_Graziani,it,2019-03,3.0
Rodolfo_Graziani,it,2019-02,11.0
Rodolfo_Graziani,it,2019-01,56.0
Rodolfo_Graziani,it,2018-12,3.0
Rodolfo_Graziani,it,2018-11,1.0
Rodolfo_Graziani,it,2018-10,2.0
Rodolfo_Graziani,it,2018-09,1.0
Rodolfo_Graziani,it,2018-08,1.0
Rodolfo_Graziani,it,2018-07,3.0
Rodolfo_Graziani,it,2018-06,3.0
Rodolfo_Graziani,it,2018-05,3.0
Rodolfo_Graziani,it,2018-04,4.0
Rodolfo_Graziani,it,2018-03,2.0
Rodolfo_Graziani,it,2018-02,3.0
Rodolfo_Graziani,it,2018-01,1.0
Rodolfo_Graziani,it,2017-12,2.0
Rodolfo_Graziani,it,2017-11,6.0
Rodolfo_Graziani,it,2017-10,3.0
Rodolfo_Graziani,it,2017-09,7.0
Rodolfo_Graziani,it,2017-08,2.0
Rodolfo_Graziani,it,2017-07,6.0
Rodolfo_Graziani,it,2017-05,2.0
Rodolfo_Graziani,it,2017-04,10.0
Rodolfo_Graziani,it,2017-03,3.0
Rodolfo_Graziani,it,2017-02,8.0
Rodolfo_Graziani,it,2017-01,3.0
Rodolfo_Graziani,it,2016-12,7.0
Rodolfo_Graziani,it,2016-11,12.0
Rodolfo_Graziani,it,2016-10,6.0
Rodolfo_Graziani,it,2016-09,1.0
Rodolfo_Graziani,it,2016-07,1.0
Rodolfo_Graziani,it,2016-06,3.0
Rodolfo_Graziani,it,2016-05,2.0
Rodolfo_Graziani,it,2016-04,6.0
Rodolfo_Graziani,it,2016-03,4.0
Rodolfo_Graziani,it,2016-02,5.0
Rodolfo_Graziani,it,2016-01,2.0
Rodolfo_Graziani,it,2015-12,3.0
Rodolfo_Graziani,it,2015-11,3.0
Rodolfo_Graziani,it,2015-10,6.0
Rodolfo_Graziani,it,2015-09,11.0
Rodolfo_Graziani,it,2015-08,5.0
Rodolfo_Graziani,it,2015-07,4.0
Rodolfo_Graziani,it,2015-06,4.0
Rodolfo_Graziani,it,2015-05,1.0
Rodolfo_Graziani,it,2015-04,8.0
Rodolfo_Graziani,it,2015-03,6.0
Rodolfo_Graziani,it,2015-01,1.0
Rodolfo_Graziani,it,2014-12,1.0
Rodolfo_Graziani,it,2014-11,4.0
Rodolfo_Graziani,it,2014-09,1.0
Rodolfo_Graziani,it,2014-08,2.0
Rodolfo_Graziani,it,2014-07,7.0
Rodolfo_Graziani,it,2014-06,6.0
Rodolfo_Graziani,it,2014-05,3.0
Rodolfo_Graziani,it,2014-04,8.0
Rodolfo_Graziani,it,2014-03,2.0
Rodolfo_Graziani,it,2014-02,4.0
Rodolfo_Graziani,it,2014-01,3.0
Rodolfo_Graziani,it,2013-12,2.0
Rodolfo_Graziani,it,2013-11,2.0
Rodolfo_Graziani,it,2013-10,3.0
Rodolfo_Graziani,it,2013-09,2.0
Rodolfo_Graziani,it,2013-08,8.0
Rodolfo_Graziani,it,2013-07,1.0
Rodolfo_Graziani,it,2013-06,1.0
Rodolfo_Graziani,it,2013-05,20.0
Rodolfo_Graziani,it,2013-04,7.0
Rodolfo_Graziani,it,2013-03,4.0
Rodolfo_Graziani,it,2013-02,5.0
Rodolfo_Graziani,it,2012-12,6.0
Rodolfo_Graziani,it,2012-11,9.0
Rodolfo_Graziani,it,2012-10,49.0
Rodolfo_Graziani,it,2012-09,70.0
Rodolfo_Graziani,it,2012-08,26.0
Rodolfo_Graziani,it,2012-06,3.0
Rodolfo_Graziani,it,2012-05,8.0
Rodolfo_Graziani,it,2012-04,3.0
Rodolfo_Graziani,it,2012-03,6.0
Rodolfo_Graziani,it,2012-02,1.0
Rodolfo_Graziani,it,2012-01,2.0
Rodolfo_Graziani,it,2011-12,1.0
Rodolfo_Graziani,it,2011-10,4.0
Rodolfo_Graziani,it,2011-09,2.0
Rodolfo_Graziani,it,2011-08,6.0
Rodolfo_Graziani,it,2011-07,6.0
Rodolfo_Graziani,it,2011-06,1.0
Rodolfo_Graziani,it,2011-05,4.0
Rodolfo_Graziani,it,2011-04,1.0
Rodolfo_Graziani,it,2011-03,7.0
Rodolfo_Graziani,it,2011-02,3.0
Rodolfo_Graziani,it,2011-01,1.0
Rodolfo_Graziani,it,2010-12,6.0
Rodolfo_Graziani,it,2010-11,2.0
Rodolfo_Graziani,it,2010-10,3.0
Rodolfo_Graziani,it,2010-09,4.0
Rodolfo_Graziani,it,2010-08,6.0
Rodolfo_Graziani,it,2010-07,7.0
Rodolfo_Graziani,it,2010-06,3.0
Rodolfo_Graziani,it,2010-05,7.0
Rodolfo_Graziani,it,2010-04,12.0
Rodolfo_Graziani,it,2010-03,14.0
Rodolfo_Graziani,it,2010-02,1.0
Rodolfo_Graziani,it,2010-01,7.0
Rodolfo_Graziani,it,2009-12,18.0
Rodolfo_Graziani,it,2009-11,6.0
Rodolfo_Graziani,it,2009-10,3.0
Rodolfo_Graziani,it,2009-09,3.0
Rodolfo_Graziani,it,2009-08,8.0
Rodolfo_Graziani,it,2009-07,8.0
Rodolfo_Graziani,it,2009-06,5.0
Rodolfo_Graziani,it,2009-05,52.0
Rodolfo_Graziani,it,2009-04,4.0
Rodolfo_Graziani,it,2009-02,29.0
Rodolfo_Graziani,it,2009-01,1.0
Rodolfo_Graziani,it,2008-12,1.0
Rodolfo_Graziani,it,2008-11,1.0
Rodolfo_Graziani,it,2008-10,1.0
Rodolfo_Graziani,it,2008-09,6.0
Rodolfo_Graziani,it,2008-08,2.0
Rodolfo_Graziani,it,2008-07,2.0
Rodolfo_Graziani,it,2008-06,15.0
Rodolfo_Graziani,it,2008-05,2.0
Rodolfo_Graziani,it,2008-04,4.0
Rodolfo_Graziani,it,2008-03,6.0
Rodolfo_Graziani,it,2008-02,4.0
Rodolfo_Graziani,it,2008-01,6.0
Rodolfo_Graziani,it,2007-12,20.0
Rodolfo_Graziani,it,2007-11,3.0
Rodolfo_Graziani,it,2007-10,8.0
Rodolfo_Graziani,it,2007-01,1.0
Rodolfo_Graziani,it,2006-12,5.0
Rodolfo_Graziani,it,2006-11,11.0
Rodolfo_Graziani,it,2006-10,2.0
Rodolfo_Graziani,en,2024-05,1.0
Rodolfo_Graziani,en,2024-04,4.0
Rodolfo_Graziani,en,2024-03,1.0
Rodolfo_Graziani,en,2024-02,4.0
Rodolfo_Graziani,en,2024-01,3.0
Rodolfo_Graziani,en,2023-12,1.0
Rodolfo_Graziani,en,2023-09,8.0
Rodolfo_Graziani,en,2023-08,6.0
Rodolfo_Graziani,en,2023-07,3.0
Rodolfo_Graziani,en,2023-06,2.0
Rodolfo_Graziani,en,2023-04,3.0
Rodolfo_Graziani,en,2023-03,3.0
Rodolfo_Graziani,en,2023-02,2.0
Rodolfo_Graziani,en,2023-01,4.0
Rodolfo_Graziani,en,2022-11,11.0
Rodolfo_Graziani,en,2022-10,6.0
Rodolfo_Graziani,en,2022-08,2.0
Rodolfo_Graziani,en,2022-07,2.0
Rodolfo_Graziani,en,2022-06,3.0
Rodolfo_Graziani,en,2022-05,1.0
Rodolfo_Graziani,en,2022-04,3.0
Rodolfo_Graziani,en,2022-03,4.0
Rodolfo_Graziani,en,2022-02,2.0
Rodolfo_Graziani,en,2022-01,5.0
Rodolfo_Graziani,en,2021-12,4.0
Rodolfo_Graziani,en,2021-11,2.0
Rodolfo_Graziani,en,2021-10,4.0
Rodolfo_Graziani,en,2021-07,4.0
Rodolfo_Graziani,en,2021-05,2.0
Rodolfo_Graziani,en,2021-02,1.0
Rodolfo_Graziani,en,2021-01,4.0
Rodolfo_Graziani,en,2020-12,1.0
Rodolfo_Graziani,en,2020-11,1.0
Rodolfo_Graziani,en,2020-10,2.0
Rodolfo_Graziani,en,2020-09,1.0
Rodolfo_Graziani,en,2020-08,1.0
Rodolfo_Graziani,en,2020-07,2.0
Rodolfo_Graziani,en,2020-06,12.0
Rodolfo_Graziani,en,2020-05,1.0
Rodolfo_Graziani,en,2020-04,8.0
Rodolfo_Graziani,en,2020-03,4.0
Rodolfo_Graziani,en,2020-02,25.0
Rodolfo_Graziani,en,2019-12,1.0
Rodolfo_Graziani,en,2019-11,2.0
Rodolfo_Graziani,en,2019-10,3.0
Rodolfo_Graziani,en,2019-09,3.0
Rodolfo_Graziani,en,2019-07,3.0
Rodolfo_Graziani,en,2019-06,1.0
Rodolfo_Graziani,en,2019-05,4.0
Rodolfo_Graziani,en,2019-04,4.0
Rodolfo_Graziani,en,2019-03,6.0
Rodolfo_Graziani,en,2019-02,2.0
Rodolfo_Graziani,en,2019-01,3.0
Rodolfo_Graziani,en,2018-11,1.0
Rodolfo_Graziani,en,2018-10,1.0
Rodolfo_Graziani,en,2018-09,2.0
Rodolfo_Graziani,en,2018-07,1.0
Rodolfo_Graziani,en,2018-06,1.0
Rodolfo_Graziani,en,2018-05,1.0
Rodolfo_Graziani,en,2018-02,3.0
Rodolfo_Graziani,en,2017-12,2.0
Rodolfo_Graziani,en,2017-11,1.0
Rodolfo_Graziani,en,2017-10,2.0
Rodolfo_Graziani,en,2017-09,1.0
Rodolfo_Graziani,en,2017-08,1.0
Rodolfo_Graziani,en,2017-07,3.0
Rodolfo_Graziani,en,2017-06,3.0
Rodolfo_Graziani,en,2017-05,3.0
Rodolfo_Graziani,en,2017-04,6.0
Rodolfo_Graziani,en,2017-03,1.0
Rodolfo_Graziani,en,2017-02,2.0
Rodolfo_Graziani,en,2016-11,2.0
Rodolfo_Graziani,en,2016-10,3.0
Rodolfo_Graziani,en,2016-07,2.0
Rodolfo_Graziani,en,2016-06,1.0
Rodolfo_Graziani,en,2016-05,4.0
Rodolfo_Graziani,en,2016-04,7.0
Rodolfo_Graziani,en,2016-03,1.0
Rodolfo_Graziani,en,2016-02,1.0
Rodolfo_Graziani,en,2016-01,7.0
Rodolfo_Graziani,en,2015-10,4.0
Rodolfo_Graziani,en,2015-09,4.0
Rodolfo_Graziani,en,2015-08,6.0
Rodolfo_Graziani,en,2015-07,2.0
Rodolfo_Graziani,en,2015-06,1.0
Rodolfo_Graziani,en,2015-05,10.0
Rodolfo_Graziani,en,2015-04,3.0
Rodolfo_Graziani,en,2015-03,1.0
Rodolfo_Graziani,en,2014-11,1.0
Rodolfo_Graziani,en,2014-09,3.0
Rodolfo_Graziani,en,2014-07,1.0
Rodolfo_Graziani,en,2014-06,1.0
Rodolfo_Graziani,en,2014-05,4.0
Rodolfo_Graziani,en,2014-03,2.0
Rodolfo_Graziani,en,2014-02,3.0
Rodolfo_Graziani,en,2014-01,3.0
Rodolfo_Graziani,en,2013-12,2.0
Rodolfo_Graziani,en,2013-11,4.0
Rodolfo_Graziani,en,2013-10,4.0
Rodolfo_Graziani,en,2013-08,3.0
Rodolfo_Graziani,en,2013-07,4.0
Rodolfo_Graziani,en,2013-06,3.0
Rodolfo_Graziani,en,2013-05,2.0
Rodolfo_Graziani,en,2013-04,10.0
Rodolfo_Graziani,en,2013-03,3.0
Rodolfo_Graziani,en,2013-02,19.0
Rodolfo_Graziani,en,2013-01,5.0
Rodolfo_Graziani,en,2012-12,5.0
Rodolfo_Graziani,en,2012-11,10.0
Rodolfo_Graziani,en,2012-10,4.0
Rodolfo_Graziani,en,2012-09,1.0
Rodolfo_Graziani,en,2012-08,4.0
Rodolfo_Graziani,en,2012-07,1.0
Rodolfo_Graziani,en,2012-04,5.0
Rodolfo_Graziani,en,2012-03,3.0
Rodolfo_Graziani,en,2012-02,3.0
Rodolfo_Graziani,en,2012-01,1.0
Rodolfo_Graziani,en,2011-12,3.0
Rodolfo_Graziani,en,2011-11,8.0
Rodolfo_Graziani,en,2011-10,2.0
Rodolfo_Graziani,en,2011-09,4.0
Rodolfo_Graziani,en,2011-08,9.0
Rodolfo_Graziani,en,2011-07,13.0
Rodolfo_Graziani,en,2011-06,5.0
Rodolfo_Graziani,en,2011-05,8.0
Rodolfo_Graziani,en,2011-04,1.0
Rodolfo_Graziani,en,2011-03,3.0
Rodolfo_Graziani,en,2011-02,3.0
Rodolfo_Graziani,en,2011-01,5.0
Rodolfo_Graziani,en,2010-11,1.0
Rodolfo_Graziani,en,2010-10,2.0
Rodolfo_Graziani,en,2010-09,3.0
Rodolfo_Graziani,en,2010-08,3.0
Rodolfo_Graziani,en,2010-07,3.0
Rodolfo_Graziani,en,2010-06,3.0
Rodolfo_Graziani,en,2010-05,3.0
Rodolfo_Graziani,en,2010-04,5.0
Rodolfo_Graziani,en,2010-03,1.0
Rodolfo_Graziani,en,2010-01,4.0
Rodolfo_Graziani,en,2009-12,7.0
Rodolfo_Graziani,en,2009-11,6.0
Rodolfo_Graziani,en,2009-10,1.0
Rodolfo_Graziani,en,2009-07,1.0
Rodolfo_Graziani,en,2009-05,2.0
Rodolfo_Graziani,en,2009-04,5.0
Rodolfo_Graziani,en,2009-02,9.0
Rodolfo_Graziani,en,2009-01,3.0
Rodolfo_Graziani,en,2008-12,5.0
Rodolfo_Graziani,en,2008-11,1.0
Rodolfo_Graziani,en,2008-10,3.0
Rodolfo_Graziani,en,2008-09,4.0
Rodolfo_Graziani,en,2008-08,34.0
Rodolfo_Graziani,en,2008-07,19.0
Rodolfo_Graziani,en,2008-06,9.0
Rodolfo_Graziani,en,2008-05,6.0
Rodolfo_Graziani,en,2008-04,4.0
Rodolfo_Graziani,en,2008-03,1.0
Rodolfo_Graziani,en,2008-02,1.0
Rodolfo_Graziani,en,2008-01,3.0
Rodolfo_Graziani,en,2007-12,6.0
Rodolfo_Graziani,en,2007-11,1.0
Rodolfo_Graziani,en,2007-09,1.0
Rodolfo_Graziani,en,2007-08,10.0
Rodolfo_Graziani,en,2007-07,3.0
Rodolfo_Graziani,en,2007-06,1.0
Rodolfo_Graziani,en,2007-05,4.0
Rodolfo_Graziani,en,2007-04,1.0
Rodolfo_Graziani,en,2007-03,2.0
Rodolfo_Graziani,en,2007-02,3.0
Rodolfo_Graziani,en,2007-01,1.0
Rodolfo_Graziani,en,2006-12,3.0
Rodolfo_Graziani,en,2006-11,4.0
Rodolfo_Graziani,en,2006-10,1.0
Ardeatine_massacre,it,2024-05,3.0
Ardeatine_massacre,it,2024-04,2.0
Ardeatine_massacre,it,2024-03,14.0
Ardeatine_massacre,it,2023-12,1.0
Ardeatine_massacre,it,2023-11,3.0
Ardeatine_massacre,it,2023-10,3.0
Ardeatine_massacre,it,2023-09,2.0
Ardeatine_massacre,it,2023-07,8.0
Ardeatine_massacre,it,2023-06,3.0
Ardeatine_massacre,it,2023-05,3.0
Ardeatine_massacre,it,2023-04,11.0
Ardeatine_massacre,it,2023-03,10.0
Ardeatine_massacre,it,2023-01,4.0
Ardeatine_massacre,it,2022-12,2.0
Ardeatine_massacre,it,2022-11,2.0
Ardeatine_massacre,it,2022-07,1.0
Ardeatine_massacre,it,2022-06,1.0
Ardeatine_massacre,it,2022-04,2.0
Ardeatine_massacre,it,2022-03,2.0
Ardeatine_massacre,it,2022-02,3.0
Ardeatine_massacre,it,2022-01,4.0
Ardeatine_massacre,it,2021-11,1.0
Ardeatine_massacre,it,2021-09,2.0
Ardeatine_massacre,it,2021-08,2.0
Ardeatine_massacre,it,2021-06,1.0
Ardeatine_massacre,it,2021-05,5.0
Ardeatine_massacre,it,2021-04,12.0
Ardeatine_massacre,it,2021-03,24.0
Ardeatine_massacre,it,2021-02,1.0
Ardeatine_massacre,it,2021-01,1.0
Ardeatine_massacre,it,2020-12,3.0
Ardeatine_massacre,it,2020-10,2.0
Ardeatine_massacre,it,2020-07,4.0
Ardeatine_massacre,it,2020-06,1.0
Ardeatine_massacre,it,2020-05,1.0
Ardeatine_massacre,it,2020-04,4.0
Ardeatine_massacre,it,2020-03,2.0
Ardeatine_massacre,it,2020-02,3.0
Ardeatine_massacre,it,2020-01,6.0
Ardeatine_massacre,it,2019-10,3.0
Ardeatine_massacre,it,2019-08,1.0
Ardeatine_massacre,it,2019-07,2.0
Ardeatine_massacre,it,2019-06,9.0
Ardeatine_massacre,it,2019-05,4.0
Ardeatine_massacre,it,2019-04,13.0
Ardeatine_massacre,it,2019-03,25.0
Ardeatine_massacre,it,2019-02,4.0
Ardeatine_massacre,it,2019-01,35.0
Ardeatine_massacre,it,2018-12,5.0
Ardeatine_massacre,it,2018-11,8.0
Ardeatine_massacre,it,2018-10,4.0
Ardeatine_massacre,it,2018-08,3.0
Ardeatine_massacre,it,2018-06,3.0
Ardeatine_massacre,it,2018-05,4.0
Ardeatine_massacre,it,2018-04,9.0
Ardeatine_massacre,it,2018-03,14.0
Ardeatine_massacre,it,2018-02,13.0
Ardeatine_massacre,it,2017-12,1.0
Ardeatine_massacre,it,2017-11,3.0
Ardeatine_massacre,it,2017-10,1.0
Ardeatine_massacre,it,2017-08,1.0
Ardeatine_massacre,it,2017-07,2.0
Ardeatine_massacre,it,2017-05,1.0
Ardeatine_massacre,it,2017-04,3.0
Ardeatine_massacre,it,2017-03,12.0
Ardeatine_massacre,it,2017-02,10.0
Ardeatine_massacre,it,2017-01,5.0
Ardeatine_massacre,it,2016-12,2.0
Ardeatine_massacre,it,2016-09,2.0
Ardeatine_massacre,it,2016-07,2.0
Ardeatine_massacre,it,2016-06,5.0
Ardeatine_massacre,it,2016-05,8.0
Ardeatine_massacre,it,2016-04,11.0
Ardeatine_massacre,it,2016-03,3.0
Ardeatine_massacre,it,2016-02,1.0
Ardeatine_massacre,it,2016-01,9.0
Ardeatine_massacre,it,2015-11,1.0
Ardeatine_massacre,it,2015-10,1.0
Ardeatine_massacre,it,2015-09,6.0
Ardeatine_massacre,it,2015-08,3.0
Ardeatine_massacre,it,2015-07,8.0
Ardeatine_massacre,it,2015-06,2.0
Ardeatine_massacre,it,2015-05,7.0
Ardeatine_massacre,it,2015-04,9.0
Ardeatine_massacre,it,2015-03,9.0
Ardeatine_massacre,it,2015-02,3.0
Ardeatine_massacre,it,2015-01,3.0
Ardeatine_massacre,it,2014-12,1.0
Ardeatine_massacre,it,2014-10,1.0
Ardeatine_massacre,it,2014-09,3.0
Ardeatine_massacre,it,2014-08,4.0
Ardeatine_massacre,it,2014-07,2.0
Ardeatine_massacre,it,2014-06,5.0
Ardeatine_massacre,it,2014-05,9.0
Ardeatine_massacre,it,2014-04,9.0
Ardeatine_massacre,it,2014-03,64.0
Ardeatine_massacre,it,2014-02,2.0
Ardeatine_massacre,it,2014-01,1.0
Ardeatine_massacre,it,2013-12,3.0
Ardeatine_massacre,it,2013-11,8.0
Ardeatine_massacre,it,2013-10,46.0
Ardeatine_massacre,it,2013-08,17.0
Ardeatine_massacre,it,2013-07,11.0
Ardeatine_massacre,it,2013-06,3.0
Ardeatine_massacre,it,2013-04,3.0
Ardeatine_massacre,it,2013-03,13.0
Ardeatine_massacre,it,2013-02,5.0
Ardeatine_massacre,it,2013-01,2.0
Ardeatine_massacre,it,2012-11,16.0
Ardeatine_massacre,it,2012-10,1.0
Ardeatine_massacre,it,2012-08,4.0
Ardeatine_massacre,it,2012-07,7.0
Ardeatine_massacre,it,2012-06,3.0
Ardeatine_massacre,it,2012-05,8.0
Ardeatine_massacre,it,2012-04,15.0
Ardeatine_massacre,it,2012-03,10.0
Ardeatine_massacre,it,2012-02,2.0
Ardeatine_massacre,it,2012-01,8.0
Ardeatine_massacre,it,2011-12,4.0
Ardeatine_massacre,it,2011-11,6.0
Ardeatine_massacre,it,2011-09,1.0
Ardeatine_massacre,it,2011-08,1.0
Ardeatine_massacre,it,2011-07,1.0
Ardeatine_massacre,it,2011-06,3.0
Ardeatine_massacre,it,2011-05,7.0
Ardeatine_massacre,it,2011-04,16.0
Ardeatine_massacre,it,2011-03,16.0
Ardeatine_massacre,it,2011-02,3.0
Ardeatine_massacre,it,2011-01,1.0
Ardeatine_massacre,it,2010-12,2.0
Ardeatine_massacre,it,2010-11,11.0
Ardeatine_massacre,it,2010-10,9.0
Ardeatine_massacre,it,2010-09,4.0
Ardeatine_massacre,it,2010-08,3.0
Ardeatine_massacre,it,2010-07,2.0
Ardeatine_massacre,it,2010-06,3.0
Ardeatine_massacre,it,2010-05,10.0
Ardeatine_massacre,it,2010-04,12.0
Ardeatine_massacre,it,2010-03,8.0
Ardeatine_massacre,it,2010-02,5.0
Ardeatine_massacre,it,2010-01,3.0
Ardeatine_massacre,it,2009-11,9.0
Ardeatine_massacre,it,2009-10,4.0
Ardeatine_massacre,it,2009-09,12.0
Ardeatine_massacre,it,2009-08,2.0
Ardeatine_massacre,it,2009-07,4.0
Ardeatine_massacre,it,2009-06,1.0
Ardeatine_massacre,it,2009-05,3.0
Ardeatine_massacre,it,2009-04,4.0
Ardeatine_massacre,it,2009-03,11.0
Ardeatine_massacre,it,2009-02,13.0
Ardeatine_massacre,it,2009-01,6.0
Ardeatine_massacre,it,2008-12,1.0
Ardeatine_massacre,it,2008-11,12.0
Ardeatine_massacre,it,2008-10,4.0
Ardeatine_massacre,it,2008-09,7.0
Ardeatine_massacre,it,2008-08,7.0
Ardeatine_massacre,it,2008-07,12.0
Ardeatine_massacre,it,2008-06,4.0
Ardeatine_massacre,it,2008-05,4.0
Ardeatine_massacre,it,2008-04,16.0
Ardeatine_massacre,it,2008-03,29.0
Ardeatine_massacre,it,2008-02,14.0
Ardeatine_massacre,it,2008-01,12.0
Ardeatine_massacre,it,2007-12,6.0
Ardeatine_massacre,it,2007-11,2.0
Ardeatine_massacre,it,2007-10,4.0
Ardeatine_massacre,it,2007-09,4.0
Ardeatine_massacre,it,2007-08,40.0
Ardeatine_massacre,it,2007-07,5.0
Ardeatine_massacre,it,2007-06,22.0
Ardeatine_massacre,it,2007-05,3.0
Ardeatine_massacre,it,2007-04,8.0
Ardeatine_massacre,it,2007-03,2.0
Ardeatine_massacre,it,2007-02,13.0
Ardeatine_massacre,it,2007-01,3.0
Ardeatine_massacre,it,2006-12,8.0
Ardeatine_massacre,en,2024-04,1.0
Ardeatine_massacre,en,2024-01,3.0
Ardeatine_massacre,en,2023-12,1.0
Ardeatine_massacre,en,2023-09,8.0
Ardeatine_massacre,en,2023-06,5.0
Ardeatine_massacre,en,2023-05,1.0
Ardeatine_massacre,en,2023-04,2.0
Ardeatine_massacre,en,2023-03,3.0
Ardeatine_massacre,en,2023-02,2.0
Ardeatine_massacre,en,2022-10,3.0
Ardeatine_massacre,en,2022-08,3.0
Ardeatine_massacre,en,2022-07,1.0
Ardeatine_massacre,en,2022-06,13.0
Ardeatine_massacre,en,2022-05,1.0
Ardeatine_massacre,en,2022-04,1.0
Ardeatine_massacre,en,2022-03,2.0
Ardeatine_massacre,en,2022-01,1.0
Ardeatine_massacre,en,2021-12,2.0
Ardeatine_massacre,en,2021-11,1.0
Ardeatine_massacre,en,2021-10,3.0
Ardeatine_massacre,en,2021-09,1.0
Ardeatine_massacre,en,2021-07,1.0
Ardeatine_massacre,en,2021-06,3.0
Ardeatine_massacre,en,2021-05,1.0
Ardeatine_massacre,en,2021-04,1.0
Ardeatine_massacre,en,2021-03,4.0
Ardeatine_massacre,en,2021-02,2.0
Ardeatine_massacre,en,2021-01,1.0
Ardeatine_massacre,en,2020-12,11.0
Ardeatine_massacre,en,2020-11,2.0
Ardeatine_massacre,en,2020-10,4.0
Ardeatine_massacre,en,2020-09,5.0
Ardeatine_massacre,en,2020-08,5.0
Ardeatine_massacre,en,2020-06,1.0
Ardeatine_massacre,en,2020-05,4.0
Ardeatine_massacre,en,2020-04,2.0
Ardeatine_massacre,en,2019-11,2.0
Ardeatine_massacre,en,2019-09,11.0
Ardeatine_massacre,en,2019-07,1.0
Ardeatine_massacre,en,2019-03,4.0
Ardeatine_massacre,en,2019-01,1.0
Ardeatine_massacre,en,2018-12,2.0
Ardeatine_massacre,en,2018-11,3.0
Ardeatine_massacre,en,2018-10,3.0
Ardeatine_massacre,en,2018-09,8.0
Ardeatine_massacre,en,2018-08,3.0
Ardeatine_massacre,en,2018-07,3.0
Ardeatine_massacre,en,2018-06,1.0
Ardeatine_massacre,en,2018-05,1.0
Ardeatine_massacre,en,2018-03,4.0
Ardeatine_massacre,en,2018-02,4.0
Ardeatine_massacre,en,2018-01,2.0
Ardeatine_massacre,en,2017-12,1.0
Ardeatine_massacre,en,2017-11,1.0
Ardeatine_massacre,en,2017-10,4.0
Ardeatine_massacre,en,2017-09,1.0
Ardeatine_massacre,en,2017-08,1.0
Ardeatine_massacre,en,2017-07,16.0
Ardeatine_massacre,en,2017-06,2.0
Ardeatine_massacre,en,2017-05,3.0
Ardeatine_massacre,en,2017-04,2.0
Ardeatine_massacre,en,2017-03,2.0
Ardeatine_massacre,en,2017-01,2.0
Ardeatine_massacre,en,2016-12,1.0
Ardeatine_massacre,en,2016-10,2.0
Ardeatine_massacre,en,2016-07,1.0
Ardeatine_massacre,en,2016-06,1.0
Ardeatine_massacre,en,2016-03,2.0
Ardeatine_massacre,en,2016-02,2.0
Ardeatine_massacre,en,2016-01,6.0
Ardeatine_massacre,en,2015-10,2.0
Ardeatine_massacre,en,2015-09,1.0
Ardeatine_massacre,en,2015-08,1.0
Ardeatine_massacre,en,2015-07,1.0
Ardeatine_massacre,en,2015-06,5.0
Ardeatine_massacre,en,2015-05,3.0
Ardeatine_massacre,en,2015-04,3.0
Ardeatine_massacre,en,2015-02,1.0
Ardeatine_massacre,en,2015-01,14.0
Ardeatine_massacre,en,2014-12,8.0
Ardeatine_massacre,en,2014-11,2.0
Ardeatine_massacre,en,2014-10,2.0
Ardeatine_massacre,en,2014-08,1.0
Ardeatine_massacre,en,2014-04,2.0
Ardeatine_massacre,en,2014-03,8.0
Ardeatine_massacre,en,2014-02,1.0
Ardeatine_massacre,en,2013-12,6.0
Ardeatine_massacre,en,2013-11,3.0
Ardeatine_massacre,en,2013-10,18.0
Ardeatine_massacre,en,2013-09,4.0
Ardeatine_massacre,en,2013-07,3.0
Ardeatine_massacre,en,2013-06,7.0
Ardeatine_massacre,en,2013-05,17.0
Ardeatine_massacre,en,2013-04,1.0
Ardeatine_massacre,en,2013-03,1.0
Ardeatine_massacre,en,2013-02,2.0
Ardeatine_massacre,en,2013-01,2.0
Ardeatine_massacre,en,2012-12,3.0
Ardeatine_massacre,en,2012-08,2.0
Ardeatine_massacre,en,2012-07,1.0
Ardeatine_massacre,en,2012-05,1.0
Ardeatine_massacre,en,2012-04,2.0
Ardeatine_massacre,en,2012-03,4.0
Ardeatine_massacre,en,2012-02,9.0
Ardeatine_massacre,en,2012-01,15.0
Ardeatine_massacre,en,2011-12,22.0
Ardeatine_massacre,en,2011-11,3.0
Ardeatine_massacre,en,2011-10,2.0
Ardeatine_massacre,en,2011-08,2.0
Ardeatine_massacre,en,2011-07,3.0
Ardeatine_massacre,en,2011-05,1.0
Ardeatine_massacre,en,2011-04,2.0
Ardeatine_massacre,en,2011-03,5.0
Ardeatine_massacre,en,2011-02,3.0
Ardeatine_massacre,en,2010-12,2.0
Ardeatine_massacre,en,2010-10,1.0
Ardeatine_massacre,en,2010-09,3.0
Ardeatine_massacre,en,2010-08,2.0
Ardeatine_massacre,en,2010-07,1.0
Ardeatine_massacre,en,2010-05,1.0
Ardeatine_massacre,en,2010-03,4.0
Ardeatine_massacre,en,2010-02,1.0
Ardeatine_massacre,en,2010-01,3.0
Ardeatine_massacre,en,2009-11,7.0
Ardeatine_massacre,en,2009-10,4.0
Ardeatine_massacre,en,2009-05,2.0
Ardeatine_massacre,en,2009-02,5.0
Ardeatine_massacre,en,2009-01,3.0
Ardeatine_massacre,en,2008-12,6.0
Ardeatine_massacre,en,2008-11,1.0
Ardeatine_massacre,en,2008-10,3.0
Ardeatine_massacre,en,2008-09,27.0
Ardeatine_massacre,en,2008-08,2.0
Ardeatine_massacre,en,2008-06,4.0
Ardeatine_massacre,en,2008-05,4.0
Ardeatine_massacre,en,2008-04,1.0
Ardeatine_massacre,en,2008-03,24.0
Ardeatine_massacre,en,2008-02,3.0
Ardeatine_massacre,en,2008-01,4.0
Ardeatine_massacre,en,2007-12,6.0
Ardeatine_massacre,en,2007-11,1.0
Ardeatine_massacre,en,2007-10,27.0
Ardeatine_massacre,en,2007-09,7.0
Ardeatine_massacre,en,2007-08,10.0
Ardeatine_massacre,en,2007-06,2.0
Ardeatine_massacre,en,2007-05,4.0
Ardeatine_massacre,en,2007-04,5.0
Ardeatine_massacre,en,2007-03,4.0
Ardeatine_massacre,en,2007-01,2.0
Ardeatine_massacre,en,2006-12,7.0
Sant%27Anna_di_Stazzema_massacre,it,2024-05,5.0
Sant%27Anna_di_Stazzema_massacre,it,2024-04,3.0
Sant%27Anna_di_Stazzema_massacre,it,2024-02,4.0
Sant%27Anna_di_Stazzema_massacre,it,2024-01,4.0
Sant%27Anna_di_Stazzema_massacre,it,2023-12,2.0
Sant%27Anna_di_Stazzema_massacre,it,2023-11,1.0
Sant%27Anna_di_Stazzema_massacre,it,2023-09,1.0
Sant%27Anna_di_Stazzema_massacre,it,2023-08,28.0
Sant%27Anna_di_Stazzema_massacre,it,2023-07,5.0
Sant%27Anna_di_Stazzema_massacre,it,2023-06,2.0
Sant%27Anna_di_Stazzema_massacre,it,2023-05,8.0
Sant%27Anna_di_Stazzema_massacre,it,2023-04,2.0
Sant%27Anna_di_Stazzema_massacre,it,2023-03,4.0
Sant%27Anna_di_Stazzema_massacre,it,2023-01,3.0
Sant%27Anna_di_Stazzema_massacre,it,2022-11,5.0
Sant%27Anna_di_Stazzema_massacre,it,2022-09,1.0
Sant%27Anna_di_Stazzema_massacre,it,2022-08,2.0
Sant%27Anna_di_Stazzema_massacre,it,2022-05,4.0
Sant%27Anna_di_Stazzema_massacre,it,2022-01,2.0
Sant%27Anna_di_Stazzema_massacre,it,2021-12,4.0
Sant%27Anna_di_Stazzema_massacre,it,2021-08,1.0
Sant%27Anna_di_Stazzema_massacre,it,2021-07,4.0
Sant%27Anna_di_Stazzema_massacre,it,2021-06,19.0
Sant%27Anna_di_Stazzema_massacre,it,2021-05,5.0
Sant%27Anna_di_Stazzema_massacre,it,2021-02,1.0
Sant%27Anna_di_Stazzema_massacre,it,2020-12,1.0
Sant%27Anna_di_Stazzema_massacre,it,2020-09,1.0
Sant%27Anna_di_Stazzema_massacre,it,2020-08,8.0
Sant%27Anna_di_Stazzema_massacre,it,2020-07,8.0
Sant%27Anna_di_Stazzema_massacre,it,2020-06,5.0
Sant%27Anna_di_Stazzema_massacre,it,2020-05,7.0
Sant%27Anna_di_Stazzema_massacre,it,2020-04,2.0
Sant%27Anna_di_Stazzema_massacre,it,2020-03,1.0
Sant%27Anna_di_Stazzema_massacre,it,2020-02,3.0
Sant%27Anna_di_Stazzema_massacre,it,2020-01,4.0
Sant%27Anna_di_Stazzema_massacre,it,2019-12,3.0
Sant%27Anna_di_Stazzema_massacre,it,2019-10,4.0
Sant%27Anna_di_Stazzema_massacre,it,2019-09,2.0
Sant%27Anna_di_Stazzema_massacre,it,2019-08,9.0
Sant%27Anna_di_Stazzema_massacre,it,2019-06,5.0
Sant%27Anna_di_Stazzema_massacre,it,2019-05,4.0
Sant%27Anna_di_Stazzema_massacre,it,2019-04,9.0
Sant%27Anna_di_Stazzema_massacre,it,2019-03,6.0
Sant%27Anna_di_Stazzema_massacre,it,2019-02,5.0
Sant%27Anna_di_Stazzema_massacre,it,2018-11,4.0
Sant%27Anna_di_Stazzema_massacre,it,2018-10,1.0
Sant%27Anna_di_Stazzema_massacre,it,2018-09,3.0
Sant%27Anna_di_Stazzema_massacre,it,2018-08,5.0
Sant%27Anna_di_Stazzema_massacre,it,2018-07,7.0
Sant%27Anna_di_Stazzema_massacre,it,2018-06,2.0
Sant%27Anna_di_Stazzema_massacre,it,2018-05,2.0
Sant%27Anna_di_Stazzema_massacre,it,2018-04,6.0
Sant%27Anna_di_Stazzema_massacre,it,2018-03,3.0
Sant%27Anna_di_Stazzema_massacre,it,2018-02,2.0
Sant%27Anna_di_Stazzema_massacre,it,2017-12,1.0
Sant%27Anna_di_Stazzema_massacre,it,2017-11,1.0
Sant%27Anna_di_Stazzema_massacre,it,2017-10,5.0
Sant%27Anna_di_Stazzema_massacre,it,2017-09,5.0
Sant%27Anna_di_Stazzema_massacre,it,2017-08,4.0
Sant%27Anna_di_Stazzema_massacre,it,2017-07,1.0
Sant%27Anna_di_Stazzema_massacre,it,2017-06,8.0
Sant%27Anna_di_Stazzema_massacre,it,2017-04,8.0
Sant%27Anna_di_Stazzema_massacre,it,2017-01,2.0
Sant%27Anna_di_Stazzema_massacre,it,2016-09,3.0
Sant%27Anna_di_Stazzema_massacre,it,2016-08,2.0
Sant%27Anna_di_Stazzema_massacre,it,2016-07,5.0
Sant%27Anna_di_Stazzema_massacre,it,2016-06,1.0
Sant%27Anna_di_Stazzema_massacre,it,2016-05,8.0
Sant%27Anna_di_Stazzema_massacre,it,2016-04,1.0
Sant%27Anna_di_Stazzema_massacre,it,2016-03,8.0
Sant%27Anna_di_Stazzema_massacre,it,2016-01,2.0
Sant%27Anna_di_Stazzema_massacre,it,2015-12,14.0
Sant%27Anna_di_Stazzema_massacre,it,2015-11,72.0
Sant%27Anna_di_Stazzema_massacre,it,2015-10,83.0
Sant%27Anna_di_Stazzema_massacre,it,2015-09,190.0
Sant%27Anna_di_Stazzema_massacre,it,2015-08,132.0
Sant%27Anna_di_Stazzema_massacre,it,2015-06,2.0
Sant%27Anna_di_Stazzema_massacre,it,2015-05,6.0
Sant%27Anna_di_Stazzema_massacre,it,2015-04,4.0
Sant%27Anna_di_Stazzema_massacre,it,2015-03,1.0
Sant%27Anna_di_Stazzema_massacre,it,2015-02,1.0
Sant%27Anna_di_Stazzema_massacre,it,2015-01,1.0
Sant%27Anna_di_Stazzema_massacre,it,2014-12,2.0
Sant%27Anna_di_Stazzema_massacre,it,2014-10,3.0
Sant%27Anna_di_Stazzema_massacre,it,2014-09,1.0
Sant%27Anna_di_Stazzema_massacre,it,2014-08,3.0
Sant%27Anna_di_Stazzema_massacre,it,2014-05,1.0
Sant%27Anna_di_Stazzema_massacre,it,2014-04,3.0
Sant%27Anna_di_Stazzema_massacre,it,2014-03,2.0
Sant%27Anna_di_Stazzema_massacre,it,2014-02,4.0
Sant%27Anna_di_Stazzema_massacre,it,2014-01,1.0
Sant%27Anna_di_Stazzema_massacre,it,2013-10,1.0
Sant%27Anna_di_Stazzema_massacre,it,2013-09,1.0
Sant%27Anna_di_Stazzema_massacre,it,2013-08,5.0
Sant%27Anna_di_Stazzema_massacre,it,2013-07,3.0
Sant%27Anna_di_Stazzema_massacre,it,2013-05,4.0
Sant%27Anna_di_Stazzema_massacre,it,2013-04,5.0
Sant%27Anna_di_Stazzema_massacre,it,2013-03,4.0
Sant%27Anna_di_Stazzema_massacre,it,2013-02,2.0
Sant%27Anna_di_Stazzema_massacre,it,2013-01,4.0
Sant%27Anna_di_Stazzema_massacre,it,2012-12,1.0
Sant%27Anna_di_Stazzema_massacre,it,2012-11,4.0
Sant%27Anna_di_Stazzema_massacre,it,2012-10,27.0
Sant%27Anna_di_Stazzema_massacre,it,2012-08,4.0
Sant%27Anna_di_Stazzema_massacre,it,2012-07,2.0
Sant%27Anna_di_Stazzema_massacre,it,2012-06,4.0
Sant%27Anna_di_Stazzema_massacre,it,2012-05,1.0
Sant%27Anna_di_Stazzema_massacre,it,2012-04,1.0
Sant%27Anna_di_Stazzema_massacre,it,2012-03,1.0
Sant%27Anna_di_Stazzema_massacre,it,2012-02,1.0
Sant%27Anna_di_Stazzema_massacre,it,2012-01,1.0
Sant%27Anna_di_Stazzema_massacre,it,2011-12,1.0
Sant%27Anna_di_Stazzema_massacre,it,2011-11,2.0
Sant%27Anna_di_Stazzema_massacre,it,2011-10,1.0
Sant%27Anna_di_Stazzema_massacre,it,2011-08,2.0
Sant%27Anna_di_Stazzema_massacre,it,2011-07,1.0
Sant%27Anna_di_Stazzema_massacre,it,2011-06,2.0
Sant%27Anna_di_Stazzema_massacre,it,2011-05,2.0
Sant%27Anna_di_Stazzema_massacre,it,2011-03,2.0
Sant%27Anna_di_Stazzema_massacre,it,2011-01,3.0
Sant%27Anna_di_Stazzema_massacre,it,2010-11,6.0
Sant%27Anna_di_Stazzema_massacre,it,2010-10,1.0
Sant%27Anna_di_Stazzema_massacre,it,2010-09,2.0
Sant%27Anna_di_Stazzema_massacre,it,2010-08,5.0
Sant%27Anna_di_Stazzema_massacre,it,2010-05,12.0
Sant%27Anna_di_Stazzema_massacre,it,2010-02,7.0
Sant%27Anna_di_Stazzema_massacre,it,2009-12,1.0
Sant%27Anna_di_Stazzema_massacre,it,2009-10,1.0
Sant%27Anna_di_Stazzema_massacre,it,2009-09,1.0
Sant%27Anna_di_Stazzema_massacre,it,2009-08,2.0
Sant%27Anna_di_Stazzema_massacre,it,2009-07,2.0
Sant%27Anna_di_Stazzema_massacre,it,2009-04,2.0
Sant%27Anna_di_Stazzema_massacre,it,2009-03,2.0
Sant%27Anna_di_Stazzema_massacre,it,2009-02,4.0
Sant%27Anna_di_Stazzema_massacre,it,2009-01,6.0
Sant%27Anna_di_Stazzema_massacre,it,2008-12,1.0
Sant%27Anna_di_Stazzema_massacre,it,2008-11,5.0
Sant%27Anna_di_Stazzema_massacre,it,2008-10,17.0
Sant%27Anna_di_Stazzema_massacre,it,2008-09,14.0
Sant%27Anna_di_Stazzema_massacre,it,2008-08,1.0
Sant%27Anna_di_Stazzema_massacre,it,2008-07,3.0
Sant%27Anna_di_Stazzema_massacre,it,2008-06,9.0
Sant%27Anna_di_Stazzema_massacre,it,2008-05,4.0
Sant%27Anna_di_Stazzema_massacre,it,2008-03,7.0
Sant%27Anna_di_Stazzema_massacre,it,2008-02,5.0
Sant%27Anna_di_Stazzema_massacre,it,2008-01,4.0
Sant%27Anna_di_Stazzema_massacre,it,2007-12,1.0
Sant%27Anna_di_Stazzema_massacre,it,2007-11,6.0
Sant%27Anna_di_Stazzema_massacre,it,2007-10,2.0
Sant%27Anna_di_Stazzema_massacre,it,2007-09,8.0
Sant%27Anna_di_Stazzema_massacre,it,2007-08,2.0
Sant%27Anna_di_Stazzema_massacre,it,2007-07,6.0
Sant%27Anna_di_Stazzema_massacre,it,2007-05,1.0
Sant%27Anna_di_Stazzema_massacre,it,2007-03,1.0
Sant%27Anna_di_Stazzema_massacre,it,2007-01,2.0
Sant%27Anna_di_Stazzema_massacre,it,2006-12,1.0
Sant%27Anna_di_Stazzema_massacre,it,2006-09,1.0
Sant%27Anna_di_Stazzema_massacre,en,2023-10,1.0
Sant%27Anna_di_Stazzema_massacre,en,2023-09,1.0
Sant%27Anna_di_Stazzema_massacre,en,2023-08,2.0
Sant%27Anna_di_Stazzema_massacre,en,2023-04,1.0
Sant%27Anna_di_Stazzema_massacre,en,2022-03,1.0
Sant%27Anna_di_Stazzema_massacre,en,2021-11,1.0
Sant%27Anna_di_Stazzema_massacre,en,2021-08,7.0
Sant%27Anna_di_Stazzema_massacre,en,2021-03,1.0
Sant%27Anna_di_Stazzema_massacre,en,2021-02,1.0
Sant%27Anna_di_Stazzema_massacre,en,2021-01,2.0
Sant%27Anna_di_Stazzema_massacre,en,2020-09,1.0
Sant%27Anna_di_Stazzema_massacre,en,2020-07,1.0
Sant%27Anna_di_Stazzema_massacre,en,2020-02,1.0
Sant%27Anna_di_Stazzema_massacre,en,2019-11,1.0
Sant%27Anna_di_Stazzema_massacre,en,2019-09,2.0
Sant%27Anna_di_Stazzema_massacre,en,2019-06,1.0
Sant%27Anna_di_Stazzema_massacre,en,2019-04,1.0
Sant%27Anna_di_Stazzema_massacre,en,2019-01,1.0
Sant%27Anna_di_Stazzema_massacre,en,2018-12,7.0
Sant%27Anna_di_Stazzema_massacre,en,2018-11,2.0
Sant%27Anna_di_Stazzema_massacre,en,2018-09,1.0
Sant%27Anna_di_Stazzema_massacre,en,2018-08,2.0
Sant%27Anna_di_Stazzema_massacre,en,2018-07,3.0
Sant%27Anna_di_Stazzema_massacre,en,2018-06,1.0
Sant%27Anna_di_Stazzema_massacre,en,2018-05,1.0
Sant%27Anna_di_Stazzema_massacre,en,2018-04,1.0
Sant%27Anna_di_Stazzema_massacre,en,2017-12,1.0
Sant%27Anna_di_Stazzema_massacre,en,2017-10,1.0
Sant%27Anna_di_Stazzema_massacre,en,2017-08,2.0
Sant%27Anna_di_Stazzema_massacre,en,2017-06,1.0
Sant%27Anna_di_Stazzema_massacre,en,2017-03,1.0
Sant%27Anna_di_Stazzema_massacre,en,2017-01,15.0
Sant%27Anna_di_Stazzema_massacre,en,2016-12,1.0
Sant%27Anna_di_Stazzema_massacre,en,2016-05,1.0
Sant%27Anna_di_Stazzema_massacre,en,2016-04,1.0
Sant%27Anna_di_Stazzema_massacre,en,2016-03,2.0
Sant%27Anna_di_Stazzema_massacre,en,2016-02,3.0
Sant%27Anna_di_Stazzema_massacre,en,2015-12,2.0
Sant%27Anna_di_Stazzema_massacre,en,2015-08,2.0
Sant%27Anna_di_Stazzema_massacre,en,2015-06,1.0
Sant%27Anna_di_Stazzema_massacre,en,2015-04,2.0
Sant%27Anna_di_Stazzema_massacre,en,2015-03,1.0
Sant%27Anna_di_Stazzema_massacre,en,2015-01,1.0
Sant%27Anna_di_Stazzema_massacre,en,2014-12,2.0
Sant%27Anna_di_Stazzema_massacre,en,2014-08,2.0
Sant%27Anna_di_Stazzema_massacre,en,2014-05,3.0
Sant%27Anna_di_Stazzema_massacre,en,2014-04,2.0
Sant%27Anna_di_Stazzema_massacre,en,2014-02,15.0
Sant%27Anna_di_Stazzema_massacre,en,2013-10,2.0
Sant%27Anna_di_Stazzema_massacre,en,2013-09,2.0
Sant%27Anna_di_Stazzema_massacre,en,2013-07,6.0
Sant%27Anna_di_Stazzema_massacre,en,2013-06,1.0
Sant%27Anna_di_Stazzema_massacre,en,2013-05,1.0
Sant%27Anna_di_Stazzema_massacre,en,2013-04,6.0
Sant%27Anna_di_Stazzema_massacre,en,2013-02,14.0
Sant%27Anna_di_Stazzema_massacre,en,2013-01,30.0
Sant%27Anna_di_Stazzema_massacre,en,2012-12,2.0
Sant%27Anna_di_Stazzema_massacre,en,2012-11,4.0
Sant%27Anna_di_Stazzema_massacre,en,2012-10,2.0
Sant%27Anna_di_Stazzema_massacre,en,2012-08,1.0
Sant%27Anna_di_Stazzema_massacre,en,2012-06,1.0
Sant%27Anna_di_Stazzema_massacre,en,2012-05,1.0
Sant%27Anna_di_Stazzema_massacre,en,2011-12,1.0
Sant%27Anna_di_Stazzema_massacre,en,2011-11,3.0
Sant%27Anna_di_Stazzema_massacre,en,2011-10,2.0
Sant%27Anna_di_Stazzema_massacre,en,2011-08,1.0
Sant%27Anna_di_Stazzema_massacre,en,2011-07,2.0
Sant%27Anna_di_Stazzema_massacre,en,2011-05,2.0
Sant%27Anna_di_Stazzema_massacre,en,2011-02,2.0
Sant%27Anna_di_Stazzema_massacre,en,2010-10,5.0
Sant%27Anna_di_Stazzema_massacre,en,2010-06,12.0
Sant%27Anna_di_Stazzema_massacre,en,2010-03,1.0
Sant%27Anna_di_Stazzema_massacre,en,2010-02,1.0
Sant%27Anna_di_Stazzema_massacre,en,2009-12,1.0
Sant%27Anna_di_Stazzema_massacre,en,2009-10,2.0
Sant%27Anna_di_Stazzema_massacre,en,2009-09,1.0
Sant%27Anna_di_Stazzema_massacre,en,2009-08,1.0
Sant%27Anna_di_Stazzema_massacre,en,2009-05,2.0
Sant%27Anna_di_Stazzema_massacre,en,2009-04,2.0
Sant%27Anna_di_Stazzema_massacre,en,2009-03,3.0
Sant%27Anna_di_Stazzema_massacre,en,2009-02,1.0
Sant%27Anna_di_Stazzema_massacre,en,2008-12,1.0
Sant%27Anna_di_Stazzema_massacre,en,2008-11,1.0
Sant%27Anna_di_Stazzema_massacre,en,2008-10,7.0
Sant%27Anna_di_Stazzema_massacre,en,2008-09,6.0
Sant%27Anna_di_Stazzema_massacre,en,2008-08,3.0
Sant%27Anna_di_Stazzema_massacre,en,2008-06,15.0
Sant%27Anna_di_Stazzema_massacre,en,2008-05,1.0
Sant%27Anna_di_Stazzema_massacre,en,2008-04,1.0
Sant%27Anna_di_Stazzema_massacre,en,2008-03,1.0
Sant%27Anna_di_Stazzema_massacre,en,2008-02,2.0
Sant%27Anna_di_Stazzema_massacre,en,2008-01,1.0
Sant%27Anna_di_Stazzema_massacre,en,2007-12,3.0
Sant%27Anna_di_Stazzema_massacre,en,2007-11,5.0
Istrian-Dalmatian_exodus,en,2021-09,1.0
Foibe_massacres,it,2024-05,7.0
Foibe_massacres,it,2024-04,30.0
Foibe_massacres,it,2024-03,16.0
Foibe_massacres,it,2024-02,71.0
Foibe_massacres,it,2024-01,41.0
Foibe_massacres,it,2023-12,3.0
Foibe_massacres,it,2023-11,2.0
Foibe_massacres,it,2023-10,1.0
Foibe_massacres,it,2023-09,3.0
Foibe_massacres,it,2023-08,4.0
Foibe_massacres,it,2023-07,3.0
Foibe_massacres,it,2023-06,11.0
Foibe_massacres,it,2023-05,3.0
Foibe_massacres,it,2023-04,1.0
Foibe_massacres,it,2023-03,6.0
Foibe_massacres,it,2023-02,26.0
Foibe_massacres,it,2023-01,3.0
Foibe_massacres,it,2022-11,12.0
Foibe_massacres,it,2022-10,3.0
Foibe_massacres,it,2022-09,4.0
Foibe_massacres,it,2022-08,1.0
Foibe_massacres,it,2022-07,3.0
Foibe_massacres,it,2022-06,9.0
Foibe_massacres,it,2022-05,4.0
Foibe_massacres,it,2022-04,5.0
Foibe_massacres,it,2022-02,20.0
Foibe_massacres,it,2022-01,6.0
Foibe_massacres,it,2021-12,4.0
Foibe_massacres,it,2021-11,4.0
Foibe_massacres,it,2021-10,2.0
Foibe_massacres,it,2021-09,10.0
Foibe_massacres,it,2021-08,18.0
Foibe_massacres,it,2021-07,3.0
Foibe_massacres,it,2021-06,26.0
Foibe_massacres,it,2021-05,18.0
Foibe_massacres,it,2021-04,7.0
Foibe_massacres,it,2021-03,15.0
Foibe_massacres,it,2021-02,52.0
Foibe_massacres,it,2021-01,13.0
Foibe_massacres,it,2020-12,7.0
Foibe_massacres,it,2020-10,2.0
Foibe_massacres,it,2020-09,6.0
Foibe_massacres,it,2020-08,12.0
Foibe_massacres,it,2020-07,1.0
Foibe_massacres,it,2020-06,21.0
Foibe_massacres,it,2020-05,14.0
Foibe_massacres,it,2020-04,9.0
Foibe_massacres,it,2020-03,13.0
Foibe_massacres,it,2020-02,136.0
Foibe_massacres,it,2020-01,10.0
Foibe_massacres,it,2019-12,8.0
Foibe_massacres,it,2019-11,32.0
Foibe_massacres,it,2019-09,4.0
Foibe_massacres,it,2019-08,1.0
Foibe_massacres,it,2019-07,11.0
Foibe_massacres,it,2019-06,10.0
Foibe_massacres,it,2019-05,6.0
Foibe_massacres,it,2019-04,14.0
Foibe_massacres,it,2019-03,33.0
Foibe_massacres,it,2019-02,86.0
Foibe_massacres,it,2019-01,13.0
Foibe_massacres,it,2018-11,11.0
Foibe_massacres,it,2018-08,7.0
Foibe_massacres,it,2018-07,1.0
Foibe_massacres,it,2018-06,2.0
Foibe_massacres,it,2018-05,17.0
Foibe_massacres,it,2018-04,3.0
Foibe_massacres,it,2018-03,7.0
Foibe_massacres,it,2018-02,242.0
Foibe_massacres,it,2018-01,20.0
Foibe_massacres,it,2017-12,1.0
Foibe_massacres,it,2017-10,1.0
Foibe_massacres,it,2017-09,1.0
Foibe_massacres,it,2017-08,10.0
Foibe_massacres,it,2017-07,4.0
Foibe_massacres,it,2017-05,8.0
Foibe_massacres,it,2017-04,5.0
Foibe_massacres,it,2017-03,5.0
Foibe_massacres,it,2017-02,51.0
Foibe_massacres,it,2017-01,2.0
Foibe_massacres,it,2016-08,7.0
Foibe_massacres,it,2016-07,1.0
Foibe_massacres,it,2016-06,5.0
Foibe_massacres,it,2016-05,3.0
Foibe_massacres,it,2016-03,3.0
Foibe_massacres,it,2016-02,24.0
Foibe_massacres,it,2016-01,8.0
Foibe_massacres,it,2015-12,1.0
Foibe_massacres,it,2015-11,5.0
Foibe_massacres,it,2015-10,9.0
Foibe_massacres,it,2015-09,8.0
Foibe_massacres,it,2015-07,3.0
Foibe_massacres,it,2015-06,5.0
Foibe_massacres,it,2015-05,7.0
Foibe_massacres,it,2015-04,8.0
Foibe_massacres,it,2015-03,30.0
Foibe_massacres,it,2015-02,49.0
Foibe_massacres,it,2015-01,4.0
Foibe_massacres,it,2014-12,5.0
Foibe_massacres,it,2014-11,3.0
Foibe_massacres,it,2014-10,1.0
Foibe_massacres,it,2014-09,2.0
Foibe_massacres,it,2014-08,25.0
Foibe_massacres,it,2014-07,69.0
Foibe_massacres,it,2014-06,46.0
Foibe_massacres,it,2014-05,24.0
Foibe_massacres,it,2014-04,13.0
Foibe_massacres,it,2014-03,66.0
Foibe_massacres,it,2014-02,49.0
Foibe_massacres,it,2014-01,13.0
Foibe_massacres,it,2013-12,9.0
Foibe_massacres,it,2013-11,8.0
Foibe_massacres,it,2013-10,7.0
Foibe_massacres,it,2013-09,11.0
Foibe_massacres,it,2013-08,88.0
Foibe_massacres,it,2013-07,15.0
Foibe_massacres,it,2013-06,5.0
Foibe_massacres,it,2013-05,100.0
Foibe_massacres,it,2013-04,52.0
Foibe_massacres,it,2013-03,26.0
Foibe_massacres,it,2013-02,21.0
Foibe_massacres,it,2013-01,22.0
Foibe_massacres,it,2012-12,9.0
Foibe_massacres,it,2012-11,16.0
Foibe_massacres,it,2012-10,1.0
Foibe_massacres,it,2012-09,2.0
Foibe_massacres,it,2012-08,60.0
Foibe_massacres,it,2012-07,7.0
Foibe_massacres,it,2012-06,24.0
Foibe_massacres,it,2012-05,17.0
Foibe_massacres,it,2012-04,14.0
Foibe_massacres,it,2012-03,109.0
Foibe_massacres,it,2012-02,56.0
Foibe_massacres,it,2012-01,61.0
Foibe_massacres,it,2011-12,144.0
Foibe_massacres,it,2011-11,37.0
Foibe_massacres,it,2011-10,4.0
Foibe_massacres,it,2011-09,8.0
Foibe_massacres,it,2011-08,18.0
Foibe_massacres,it,2011-07,6.0
Foibe_massacres,it,2011-06,5.0
Foibe_massacres,it,2011-05,27.0
Foibe_massacres,it,2011-03,20.0
Foibe_massacres,it,2011-02,93.0
Foibe_massacres,it,2011-01,50.0
Foibe_massacres,it,2010-12,22.0
Foibe_massacres,it,2010-11,4.0
Foibe_massacres,it,2010-10,63.0
Foibe_massacres,it,2010-09,46.0
Foibe_massacres,it,2010-08,16.0
Foibe_massacres,it,2010-07,11.0
Foibe_massacres,it,2010-06,37.0
Foibe_massacres,it,2010-05,2.0
Foibe_massacres,it,2010-04,6.0
Foibe_massacres,it,2010-03,15.0
Foibe_massacres,it,2010-02,51.0
Foibe_massacres,it,2010-01,13.0
Foibe_massacres,it,2009-12,141.0
Foibe_massacres,it,2009-11,54.0
Foibe_massacres,it,2009-10,22.0
Foibe_massacres,it,2009-09,14.0
Foibe_massacres,it,2009-08,5.0
Foibe_massacres,it,2009-07,216.0
Foibe_massacres,it,2009-06,7.0
Foibe_massacres,it,2009-05,15.0
Foibe_massacres,it,2009-04,17.0
Foibe_massacres,it,2009-03,52.0
Foibe_massacres,it,2009-02,142.0
Foibe_massacres,it,2009-01,204.0
Foibe_massacres,it,2008-12,75.0
Foibe_massacres,it,2008-11,29.0
Foibe_massacres,it,2008-10,105.0
Foibe_massacres,it,2008-09,118.0
Foibe_massacres,it,2008-08,121.0
Foibe_massacres,it,2008-07,103.0
Foibe_massacres,it,2008-06,128.0
Foibe_massacres,it,2008-05,17.0
Foibe_massacres,it,2008-02,18.0
Foibe_massacres,it,2008-01,12.0
Foibe_massacres,it,2007-12,17.0
Foibe_massacres,it,2007-10,2.0
Foibe_massacres,it,2007-09,14.0
Foibe_massacres,it,2007-08,9.0
Foibe_massacres,it,2007-02,7.0
Foibe_massacres,it,2007-01,3.0
Foibe_massacres,it,2006-12,2.0
Foibe_massacres,en,2024-05,2.0
Foibe_massacres,en,2024-04,2.0
Foibe_massacres,en,2024-02,2.0
Foibe_massacres,en,2024-01,39.0
Foibe_massacres,en,2023-12,11.0
Foibe_massacres,en,2023-11,6.0
Foibe_massacres,en,2023-10,51.0
Foibe_massacres,en,2023-09,10.0
Foibe_massacres,en,2023-08,3.0
Foibe_massacres,en,2023-07,27.0
Foibe_massacres,en,2023-06,23.0
Foibe_massacres,en,2023-05,16.0
Foibe_massacres,en,2023-04,56.0
Foibe_massacres,en,2023-03,3.0
Foibe_massacres,en,2023-02,9.0
Foibe_massacres,en,2023-01,4.0
Foibe_massacres,en,2022-12,16.0
Foibe_massacres,en,2022-11,24.0
Foibe_massacres,en,2022-10,12.0
Foibe_massacres,en,2022-08,9.0
Foibe_massacres,en,2022-07,79.0
Foibe_massacres,en,2022-06,3.0
Foibe_massacres,en,2022-05,33.0
Foibe_massacres,en,2022-04,2.0
Foibe_massacres,en,2022-03,4.0
Foibe_massacres,en,2022-02,6.0
Foibe_massacres,en,2022-01,1.0
Foibe_massacres,en,2021-12,17.0
Foibe_massacres,en,2021-11,36.0
Foibe_massacres,en,2021-10,14.0
Foibe_massacres,en,2021-09,2.0
Foibe_massacres,en,2021-08,5.0
Foibe_massacres,en,2021-07,2.0
Foibe_massacres,en,2021-06,24.0
Foibe_massacres,en,2021-05,53.0
Foibe_massacres,en,2021-03,3.0
Foibe_massacres,en,2021-02,2.0
Foibe_massacres,en,2021-01,6.0
Foibe_massacres,en,2020-12,8.0
Foibe_massacres,en,2020-10,2.0
Foibe_massacres,en,2020-09,5.0
Foibe_massacres,en,2020-08,4.0
Foibe_massacres,en,2020-07,10.0
Foibe_massacres,en,2020-06,4.0
Foibe_massacres,en,2020-05,5.0
Foibe_massacres,en,2020-04,41.0
Foibe_massacres,en,2020-03,1.0
Foibe_massacres,en,2020-02,3.0
Foibe_massacres,en,2020-01,1.0
Foibe_massacres,en,2019-12,6.0
Foibe_massacres,en,2019-11,2.0
Foibe_massacres,en,2019-10,2.0
Foibe_massacres,en,2019-09,2.0
Foibe_massacres,en,2019-05,2.0
Foibe_massacres,en,2019-04,1.0
Foibe_massacres,en,2019-03,4.0
Foibe_massacres,en,2019-02,6.0
Foibe_massacres,en,2019-01,4.0
Foibe_massacres,en,2018-12,3.0
Foibe_massacres,en,2018-11,4.0
Foibe_massacres,en,2018-10,1.0
Foibe_massacres,en,2018-09,1.0
Foibe_massacres,en,2018-07,2.0
Foibe_massacres,en,2018-04,2.0
Foibe_massacres,en,2018-02,9.0
Foibe_massacres,en,2017-11,1.0
Foibe_massacres,en,2017-10,3.0
Foibe_massacres,en,2017-08,11.0
Foibe_massacres,en,2017-07,1.0
Foibe_massacres,en,2017-06,3.0
Foibe_massacres,en,2017-02,2.0
Foibe_massacres,en,2017-01,1.0
Foibe_massacres,en,2016-11,1.0
Foibe_massacres,en,2016-09,3.0
Foibe_massacres,en,2016-07,3.0
Foibe_massacres,en,2016-05,3.0
Foibe_massacres,en,2016-04,1.0
Foibe_massacres,en,2016-03,18.0
Foibe_massacres,en,2016-02,11.0
Foibe_massacres,en,2016-01,6.0
Foibe_massacres,en,2015-12,15.0
Foibe_massacres,en,2015-10,5.0
Foibe_massacres,en,2015-09,6.0
Foibe_massacres,en,2015-07,2.0
Foibe_massacres,en,2015-06,12.0
Foibe_massacres,en,2015-05,7.0
Foibe_massacres,en,2015-04,2.0
Foibe_massacres,en,2015-03,5.0
Foibe_massacres,en,2015-02,7.0
Foibe_massacres,en,2014-07,2.0
Foibe_massacres,en,2014-06,3.0
Foibe_massacres,en,2014-05,3.0
Foibe_massacres,en,2014-04,3.0
Foibe_massacres,en,2014-03,2.0
Foibe_massacres,en,2014-02,1.0
Foibe_massacres,en,2014-01,2.0
Foibe_massacres,en,2013-11,3.0
Foibe_massacres,en,2013-10,4.0
Foibe_massacres,en,2013-09,2.0
Foibe_massacres,en,2013-08,2.0
Foibe_massacres,en,2013-07,5.0
Foibe_massacres,en,2013-05,3.0
Foibe_massacres,en,2013-03,7.0
Foibe_massacres,en,2013-02,4.0
Foibe_massacres,en,2012-09,3.0
Foibe_massacres,en,2012-08,3.0
Foibe_massacres,en,2012-07,2.0
Foibe_massacres,en,2012-06,1.0
Foibe_massacres,en,2012-05,8.0
Foibe_massacres,en,2012-04,10.0
Foibe_massacres,en,2012-03,24.0
Foibe_massacres,en,2012-02,2.0
Foibe_massacres,en,2012-01,2.0
Foibe_massacres,en,2011-11,1.0
Foibe_massacres,en,2011-09,2.0
Foibe_massacres,en,2011-08,1.0
Foibe_massacres,en,2011-07,32.0
Foibe_massacres,en,2011-06,1.0
Foibe_massacres,en,2011-05,33.0
Foibe_massacres,en,2011-04,18.0
Foibe_massacres,en,2011-03,16.0
Foibe_massacres,en,2011-02,4.0
Foibe_massacres,en,2011-01,2.0
Foibe_massacres,en,2010-11,1.0
Foibe_massacres,en,2010-10,1.0
Foibe_massacres,en,2010-09,6.0
Foibe_massacres,en,2010-08,5.0
Foibe_massacres,en,2010-07,2.0
Foibe_massacres,en,2010-06,18.0
Foibe_massacres,en,2010-05,30.0
Foibe_massacres,en,2010-04,19.0
Foibe_massacres,en,2010-03,23.0
Foibe_massacres,en,2010-02,6.0
Foibe_massacres,en,2010-01,4.0
Foibe_massacres,en,2009-12,13.0
Foibe_massacres,en,2009-11,7.0
Foibe_massacres,en,2009-10,1.0
Foibe_massacres,en,2009-09,9.0
Foibe_massacres,en,2009-08,16.0
Foibe_massacres,en,2009-07,15.0
Foibe_massacres,en,2009-06,7.0
Foibe_massacres,en,2009-05,52.0
Foibe_massacres,en,2009-04,37.0
Foibe_massacres,en,2009-03,5.0
Foibe_massacres,en,2009-02,4.0
Foibe_massacres,en,2009-01,20.0
Foibe_massacres,en,2008-12,29.0
Foibe_massacres,en,2008-11,2.0
Foibe_massacres,en,2008-10,5.0
Foibe_massacres,en,2008-09,25.0
Foibe_massacres,en,2008-08,6.0
Foibe_massacres,en,2008-07,3.0
Foibe_massacres,en,2008-06,28.0
Foibe_massacres,en,2008-05,25.0
Foibe_massacres,en,2008-04,13.0
Foibe_massacres,en,2008-03,2.0
Foibe_massacres,en,2008-02,4.0
Foibe_massacres,en,2008-01,3.0
Foibe_massacres,en,2007-12,4.0
Foibe_massacres,en,2007-11,6.0
Foibe_massacres,en,2007-10,3.0
Foibe_massacres,en,2007-09,10.0
Foibe_massacres,en,2007-08,2.0
Foibe_massacres,en,2007-07,61.0
Foibe_massacres,en,2007-06,3.0
Foibe_massacres,en,2007-04,5.0
Foibe_massacres,en,2007-03,6.0
Foibe_massacres,en,2007-02,20.0
Foibe_massacres,en,2007-01,5.0
Foibe_massacres,en,2006-12,2.0
Foibe_massacres,en,2006-11,12.0
Foibe_massacres,en,2006-09,3.0
