,language,title,timestamp,user,action,comment,type,level,expiry,article
0,en,Nakba,2024-07-02 14:26:06,ScottishFinnishRadish,protect,[[WP:30/500|Arbitration enforcement]] - restore protection,"['edit', 'move']","['extendedconfirmed', 'extendedconfirmed']",2029-12-31 23:59:59,Nakba
1,en,Nakba,2024-06-24 18:16:33,ScottishFinnishRadish,modify,[[WP:PP#Content disputes|Edit warring / content dispute]],"['edit', 'move']","['sysop', 'sysop']",2024-07-01 18:16:00,Nakba
2,en,Nakba,2021-04-14 23:45:44,El C,protect,[[WP:A/I/PIA|New editors are prohibited from editing this Arab–Israeli conflict related page]],"['edit', 'move']","['extendedconfirmed', 'extendedconfirmed']",2029-12-31 23:59:59,Nakba
3,en,Nakba,2013-09-11 21:54:59,NawlinWiki,protect,Persistent [[WP:Sock puppetry|sock puppetry]],,,2013-12-11 21:54:00,Nakba
4,en,Nakba,2013-06-11 14:22:59,NawlinWiki,protect,Persistent [[WP:Sock puppetry|sock puppetry]],,,2013-09-11 14:22:00,Nakba
5,de,Nakba,2009-07-22 16:24:40,Wahrerwattwurm,protect,Diskuseite statt Editwar,,,2009-07-29 16:24:00,Nakba
6,en,Mandatory Palestine,2016-04-17 11:41:57,Acroterion,modify,per arbitration remedies for Israel-Palestine topics,"['edit', 'move']","['extendedconfirmed', 'extendedconfirmed']",2029-12-31 23:59:59,Mandatory_Palestine
7,en,Mandatory Palestine,2015-09-02 23:13:42,HJ Mitchell,protect,Persistent [[WP:Vandalism|vandalism]],,,2016-03-02 23:13:00,Mandatory_Palestine
8,en,Mandatory Palestine,2015-08-20 13:16:19,Materialscientist,protect,Persistent [[WP:Vandalism|vandalism]],,,2015-08-23 13:16:00,Mandatory_Palestine
9,en,Mandatory Palestine,2015-02-26 15:37:52,JBW,protect,"Long-term disruptive editing and block-evasion, on a number of pages, using numerous IP addresses, including open proxies.",,,2015-03-26 15:37:00,Mandatory_Palestine
10,en,Mandatory Palestine,2013-08-13 15:15:51,NawlinWiki,protect,Persistent [[WP:Sock puppetry|sock puppetry]],,,2013-11-13 15:15:00,Mandatory_Palestine
11,en,Mandatory Palestine,2013-02-20 16:06:58,NawlinWiki,protect,Persistent [[WP:Sock puppetry|sock puppetry]],,,2013-03-20 16:06:00,Mandatory_Palestine
12,de,Völkerbundsmandat für Palästina,2018-08-01 03:46:40,Ot,protect,[[WP:WAR|Edit-War]],"['edit', 'move']","['autoconfirmed', 'autoconfirmed']",2018-09-01 03:46:00,Mandatory_Palestine
13,de,Völkerbundsmandat für Palästina,2018-07-27 16:00:22,Artregor,protect,Wiederkehrender [[WP:Vd|Vandalismus]],['edit'],['autoconfirmed'],2018-07-28 16:00:00,Mandatory_Palestine
14,en,1948 Arab-Israeli War,2007-01-26 21:03:04,Banno,protect,"Upsurge in poor IP edits [edit=autoconfirmed:move=autoconfirmed] (expires 21:03, February 2, 2007 (UTC))",,,,1948_Arab-Israeli_War
15,en,1948 Arab-Israeli War,2006-03-04 18:18:37,Aaron Schulz,unprotect,"Sorry, but this is too long, maybe the editors got bored and left; we can always unprotected anyway",,,,1948_Arab-Israeli_War
16,en,1948 Arab-Israeli War,2006-03-04 02:35:51,Woohookitty,protect,things still are not resolved. reprotecting [edit=sysop:move=sysop],,,,1948_Arab-Israeli_War
17,en,1948 Arab-Israeli War,2006-03-04 01:44:09,Tony Sidaway,unprotect,No discussion of disputes in the past week,,,,1948_Arab-Israeli_War
18,en,1948 Arab-Israeli War,2006-02-08 21:56:44,Holly Cheng,protect,edit war [edit=sysop:move=sysop],,,,1948_Arab-Israeli_War
19,en,1948 Arab-Israeli War,2006-01-27 03:46:19,Woohookitty,unprotect,unprotecting,,,,1948_Arab-Israeli_War
20,en,1948 Arab-Israeli War,2006-01-22 22:16:35,Anonymous editor,protect,protected from edit war [edit=sysop:move=sysop],,,,1948_Arab-Israeli_War
21,en,1948 Arab-Israeli War,2006-01-09 02:06:21,Dominic,unprotect,"more than a week, and arbitration is going nowhere",,,,1948_Arab-Israeli_War
22,en,1948 Arab-Israeli War,2005-12-28 12:46:00,Woohookitty,protect,reprotecting. not working [edit=sysop:move=sysop],,,,1948_Arab-Israeli_War
23,en,1948 Arab-Israeli War,2005-12-28 12:45:54,Woohookitty,unprotect,reprotecting. not working,,,,1948_Arab-Israeli_War
24,en,1948 Arab-Israeli War,2005-12-27 23:29:36,Kyorosuke,unprotect,Let's try this again,,,,1948_Arab-Israeli_War
25,en,1948 Arab-Israeli War,2005-12-25 08:39:06,El C,protect,"[[WP:RFPP]] (Notice how the duration in which the article is open (i.e. not protected) are becoming more and more scarce - from three days, down to two) [edit=sysop:move=sysop]",,,,1948_Arab-Israeli_War
26,en,1948 Arab-Israeli War,2005-12-22 23:23:48,Kyorosuke,unprotect,Compromise has been worked out- let's see if this works,,,,1948_Arab-Israeli_War
27,en,1948 Arab-Israeli War,2005-12-19 05:18:52,Kyorosuke,protect,More editwarring- I'm attempting to mediate this dispute,,,,1948_Arab-Israeli_War
28,en,1948 Arab-Israeli War,2005-12-16 17:07:54,Jayjg,unprotect,one of the sides appears to have abandoned the article/Wikipedia,,,,1948_Arab-Israeli_War
29,en,1948 Arab-Israeli War,2005-12-11 18:18:27,Jayjg,protect,edit war,,,,1948_Arab-Israeli_War
30,en,1948 Arab-Israeli War,2005-11-22 00:19:58,Zero0000,unprotect,on request,,,,1948_Arab-Israeli_War
31,en,1948 Arab-Israeli War,2005-11-20 11:51:52,Zero0000,protect,let's have a rest,,,,1948_Arab-Israeli_War
32,en,David Ben-Gurion,2016-12-25 10:55:26,Samsara,protect,[[WP:ARBPIA3#500/30|New editors are prohibited from editing this Arab-Israeli conflict related page]]: via RfPP,"['edit', 'move']","['extendedconfirmed', 'extendedconfirmed']",2029-12-31 23:59:59,David_Ben-Gurion
33,en,David Ben-Gurion,2012-06-22 00:48:13,Elockid,protect,Persistent [[WP:Sock puppetry|sock puppetry]],,,2012-06-29 00:48:00,David_Ben-Gurion
34,en,David Ben-Gurion,2007-02-16 23:55:07,Mattflaschen,unprotect,too long,,,,David_Ben-Gurion
35,en,David Ben-Gurion,2006-12-24 04:57:52,Jayjg,protect,revert sockpuppet [edit=autoconfirmed:move=autoconfirmed],,,,David_Ben-Gurion
36,en,David Ben-Gurion,2006-12-14 00:13:10,Aaron Schulz,unprotect,Page protected for a while; hopefully protection is no longer necessary.,,,,David_Ben-Gurion
37,en,David Ben-Gurion,2006-11-28 18:53:12,Jayjg,protect,IP vandalism [edit=autoconfirmed:move=autoconfirmed],,,,David_Ben-Gurion
38,de,David Ben-Gurion,2010-08-03 09:07:02,Rbrausse,move_prot,"hat „[[David Ben Gurion]]“ nach „[[David Ben-Gurion]]“ verschoben: verbreitetere Schreibweise, siehe Disk",,,,David_Ben-Gurion
39,en,Yasser Arafat,2016-12-25 21:06:14,CambridgeBayWeather,modify,[[WP:30/500|Arbitration enforcement]],"['edit', 'move']","['extendedconfirmed', 'extendedconfirmed']",2029-12-31 23:59:59,Yasser_Arafat
40,en,Yasser Arafat,2016-12-25 12:11:52,CambridgeBayWeather,modify,[[WP:30/500|Arbitration enforcement]],"['edit', 'move']","['extendedconfirmed', 'extendedconfirmed']",2017-12-25 12:11:00,Yasser_Arafat
41,en,Yasser Arafat,2011-05-11 11:03:56,Graeme Bartlett,modify,Persistent [[WP:Vandalism|vandalism]]: turn off pending changes,,,2029-12-31 23:59:59,Yasser_Arafat
42,en,Yasser Arafat,2010-06-21 19:16:11,Amalthea,modify,[[Wikipedia:Pending changes]] trial,,,2029-12-31 23:59:59,Yasser_Arafat
43,en,Yasser Arafat,2010-06-08 01:57:34,YellowMonkey,modify,entrenched vandalism,,,2010-09-08 01:57:00,Yasser_Arafat
44,en,Yasser Arafat,2009-02-06 16:11:58,PeterSymonds,protect,[[WP:MOVP|Highly visible page]],,,2029-12-31 23:59:59,Yasser_Arafat
45,en,Yasser Arafat,2008-04-07 06:30:09,El C,protect,"vandalism from multiple ips [edit=autoconfirmed:move=autoconfirmed] (expires 18:30, 7 April 2008 (UTC))",,,2008-04-07 18:30:00,Yasser_Arafat
46,en,Yasser Arafat,2007-12-08 23:17:11,AuburnPilot,protect,"on Main Page as Today's Featured Article - 12 December 2007 [move=sysop] (expires 00:00, 13 December 2007 (UTC))",,,2007-12-13 00:00:00,Yasser_Arafat
47,en,Yasser Arafat,2006-11-18 22:51:57,Nlu,protect,Roving IP vandalism/edit warring [edit=autoconfirmed:move=autoconfirmed],,,,Yasser_Arafat
48,en,Yasser Arafat,2006-03-14 03:13:53,Xaosflux,unprotect,"unprotect, spp should be remporary",,,,Yasser_Arafat
49,en,Yasser Arafat,2006-03-08 17:26:29,Jayjg,protect,Alberuni editing again [edit=autoconfirmed:move=autoconfirmed],,,,Yasser_Arafat
50,en,Yasser Arafat,2005-01-01 19:53:36,Michael Snow,unprotect,Happy New Year!,,,,Yasser_Arafat
51,en,Yasser Arafat,2004-12-31 00:23:30,Ugen64,protect,"sigh, revert war",,,,Yasser_Arafat
52,de,Jassir Arafat,2020-04-30 18:44:57,Zollernalb,protect,[[WP:WAR|Edit-War]],"['edit', 'move']","['sysop', 'sysop']",2020-05-07 18:44:00,Yasser_Arafat
53,de,Jassir Arafat,2019-12-25 20:43:29,Rmcharb,protect,[[WP:WAR|Edit-War]],"['edit', 'move']","['editeditorprotected', 'editeditorprotected']",2020-01-01 20:43:00,Yasser_Arafat
54,de,Jassir Arafat,2019-01-18 23:26:05,Dandelo,protect,Fortsetzung des letzten Editwars,"['edit', 'move']","['autoconfirmed', 'autoconfirmed']",2019-04-18 22:26:00,Yasser_Arafat
55,de,Jassir Arafat,2018-10-11 13:16:11,Regi51,protect,[[WP:WAR|Edit-War]],"['edit', 'move']","['autoconfirmed', 'autoconfirmed']",2018-11-11 14:16:00,Yasser_Arafat
56,de,Jassir Arafat,2017-03-06 18:23:27,Wahldresdner,protect,[[WP:WAR|Edit-War]],"['edit', 'move']","['autoconfirmed', 'autoconfirmed']",2017-03-07 18:23:00,Yasser_Arafat
57,de,Jassir Arafat,2012-07-04 09:55:07,Flominator,unprotect,"siehe Disk, das war m.E. kein Vandalismus",,,,Yasser_Arafat
58,de,Jassir Arafat,2012-07-03 22:11:03,Zollernalb,protect,Wiederkehrender [[WP:Vd|Vandalismus]],,,2012-07-04 22:11:00,Yasser_Arafat
59,de,Jassir Arafat,2009-07-24 16:24:50,Leithian,protect,Wiederkehrender [[Wikipedia:Vandalismus|Vandalismus]],,,2009-07-31 16:24:00,Yasser_Arafat
60,de,Jassir Arafat,2007-03-03 15:34:05,Voyager,unprotect,war jetzt lange genug gesperrt,,,,Yasser_Arafat
61,de,Jassir Arafat,2006-06-11 18:52:42,Jergen,protect,T7-befall [edit=autoconfirmed:move=autoconfirmed],,,,Yasser_Arafat
62,ar,ياسر عرفات,2022-05-28 20:36:33,Ajwaan,protect,[[ويكيبيديا:تخريب|تخريب]] متكرر,"['edit', 'move']","['autoconfirmed', 'autoconfirmed']",2022-06-28 20:36:00,Yasser_Arafat
63,ar,ياسر عرفات,2022-03-23 14:35:11,Ajwaan,protect,[[ويكيبيديا:تخريب|تخريب]] متكرر,"['edit', 'move']","['autoconfirmed', 'autoconfirmed']",2022-04-23 14:35:00,Yasser_Arafat
64,ar,ياسر عرفات,2022-01-25 04:37:06,Dr-Taher,protect,[[ويكيبيديا:تخريب|تخريب]] متكرر,"['edit', 'move']","['autoconfirmed', 'autoconfirmed']",2022-02-25 04:36:00,Yasser_Arafat
65,ar,ياسر عرفات,2021-05-20 11:51:47,فيصل,protect,[[ويكيبيديا:تخريب|تخريب]] متكرر,"['edit', 'move']","['autoconfirmed', 'autoconfirmed']",2021-06-20 11:51:00,Yasser_Arafat
66,ar,ياسر عرفات,2008-12-14 20:29:27,Bassem JARKAS,protect,[[وب:تخريب|تخريب]] متكرر,,,2009-01-14 20:29:00,Yasser_Arafat
67,en,Six-Day War,2016-12-05 09:46:57,Renamed user mou89p43twvqcvm8ut9w3,modify,[[WP:30/500|Arbitration enforcement]]; [[WP:ARBPIA3#500/30]],"['edit', 'move']","['extendedconfirmed', 'extendedconfirmed']",2029-12-31 23:59:59,Six-Day_War
68,en,Six-Day War,2010-10-14 14:02:53,WGFinley,protect,Excessive [[WP:SOCK|sock puppetry]],,,2029-12-31 23:59:59,Six-Day_War
69,en,Six-Day War,2010-08-17 14:17:53,Tariqabjotu,protect,"while i admire the courage to do anything other than protect the article, there are just too many editors available; if people can't make any changes to the article without discussion, it might as well be protected",,,2010-09-17 14:17:00,Six-Day_War
70,en,Six-Day War,2010-07-31 16:21:00,WGFinley,unprotect,[[Wikipedia:Pending changes|Pending changes]] trial,,,,Six-Day_War
71,en,Six-Day War,2010-07-16 23:42:07,Tariqabjotu,protect,nothing but edit-warring over the past several days,,,2010-07-21 23:42:00,Six-Day_War
72,en,Six-Day War,2010-06-01 18:40:23,Elockid,protect,Excessive [[WP:VAN|vandalism]],,,2010-06-04 18:40:00,Six-Day_War
73,en,Six-Day War,2009-02-10 09:15:58,Ruslik0,protect,Excessive [[WP:VANDALISM|vandalism]],,,2009-02-17 09:15:00,Six-Day_War
74,en,Six-Day War,2008-05-20 19:33:41,Tiptoety,protect,"IP vandalism [edit=autoconfirmed:move=autoconfirmed] (expires 19:33, 3 June 2008 (UTC))",,,2008-06-03 19:33:00,Six-Day_War
75,en,Six-Day War,2008-03-25 04:30:57,John Reaves,protect,"IP stuff [edit=autoconfirmed:move=autoconfirmed] (expires 04:30, 22 April 2008 (UTC))",,,2008-04-22 04:30:00,Six-Day_War
76,en,Six-Day War,2008-01-29 04:29:57,Anonymous Dissident,unprotect,see my talk page,,,,Six-Day_War
77,en,Six-Day War,2008-01-29 02:16:43,Anonymous Dissident,protect,"war; sort it out on talk [edit=sysop:move=sysop] (expires 02:16, 1 February 2008 (UTC))",,,2008-02-01 02:16:00,Six-Day_War
78,en,Six-Day War,2007-06-27 17:57:39,Tariqabjotu,unprotect,protected for more than a month,,,,Six-Day_War
79,en,Six-Day War,2007-05-22 00:14:54,JoshuaZ,protect,repeated edit warring [edit=sysop:move=sysop],,,,Six-Day_War
80,en,Six-Day War,2007-02-08 06:01:59,SlimVirgin,unprotect,,,,,Six-Day_War
81,en,Six-Day War,2007-01-09 09:38:23,SlimVirgin,protect,vandalism [edit=autoconfirmed:move=autoconfirmed],,,,Six-Day_War
82,de,Sechstagekrieg,2009-03-30 09:24:03,Ra'ike,protect,Wiederkehrender [[Wikipedia:Vandalismus|Vandalismus]],,,2009-04-06 09:24:00,Six-Day_War
83,en,Yom Kippur War,2016-04-07 06:03:11,MusikAnimal,modify,"[[WP:ARBPIA]]; using new extended confirmed protection level, previously enforced by [[Special:AbuseFilter/698]]","['edit', 'move']","['extendedconfirmed', 'extendedconfirmed']",2029-12-31 23:59:59,Yom_Kippur_War
84,en,Yom Kippur War,2015-03-17 12:28:17,EdJohnston,protect,IPs changing the article without waiting for consensus on Talk. This article is subject to [[WP:ARBPIA]],,,2029-12-31 23:59:59,Yom_Kippur_War
85,en,Yom Kippur War,2015-01-13 04:34:48,EdJohnston,modify,[[WP:PP#Content disputes|Edit warring / content dispute]]: Per a complaint at [[WP:AN3]]. See my note on the talk page,,,2015-03-13 04:34:00,Yom_Kippur_War
86,en,Yom Kippur War,2010-11-09 07:02:03,Raul654,modify,,,,2029-12-31 23:59:59,Yom_Kippur_War
87,en,Yom Kippur War,2010-11-09 06:23:15,Raul654,protect,In use,,,2029-12-31 23:59:59,Yom_Kippur_War
88,en,Yom Kippur War,2010-06-20 03:52:24,Mifter,unprotect,Configure for [[Wikipedia:Pending changes]] trial,,,,Yom_Kippur_War
89,en,Yom Kippur War,2009-01-20 23:19:00,Raul654,protect,,,,2029-12-31 23:59:59,Yom_Kippur_War
90,en,Yom Kippur War,2009-01-15 18:05:26,Cenarium,unprotect,"semi-protected for a long time, hopefully no longer necessary",,,,Yom_Kippur_War
91,en,Yom Kippur War,2008-10-04 20:58:18,Raul654,modify,,,,2029-12-31 23:59:59,Yom_Kippur_War
92,en,Yom Kippur War,2008-10-04 20:35:11,Raul654,modify,,,,2029-12-31 23:59:59,Yom_Kippur_War
93,en,Yom Kippur War,2008-07-30 05:36:14,Raul654,protect,[edit=autoconfirmed:move=autoconfirmed],,,,Yom_Kippur_War
94,en,Yom Kippur War,2008-07-21 15:48:32,MZMcBride,unprotect,this is a wiki,,,,Yom_Kippur_War
95,en,Yom Kippur War,2008-07-18 16:13:39,Raul654,protect,[edit=sysop:move=sysop],,,,Yom_Kippur_War
96,en,Yom Kippur War,2008-04-29 23:58:18,Raul654,modify,"[edit=sysop:move=sysop] (expires 02:09, 22 June 2008 (UTC))",,,2008-06-22 02:09:00,Yom_Kippur_War
97,en,Yom Kippur War,2008-04-22 02:09:17,Raul654,protect,"[edit=autoconfirmed:move=autoconfirmed] (expires 02:09, 22 June 2008 (UTC))",,,2008-06-22 02:09:00,Yom_Kippur_War
98,en,Yom Kippur War,2008-04-14 05:17:37,Raul654,modify,"[edit=sysop:move=sysop] (expires 04:41, 20 April 2008 (UTC))",,,2008-04-20 04:41:00,Yom_Kippur_War
99,en,Yom Kippur War,2008-03-20 04:41:40,Raul654,protect,"Repeated vandalism by anons [edit=autoconfirmed:move=autoconfirmed] (expires 04:41, 20 April 2008 (UTC))",,,2008-04-20 04:41:00,Yom_Kippur_War
100,en,Yom Kippur War,2007-09-20 18:12:42,Raul654,unprotect,,,,,Yom_Kippur_War
101,en,Yom Kippur War,2007-09-13 03:40:08,Raul654,protect,[edit=sysop:move=sysop],,,,Yom_Kippur_War
102,ar,حرب أكتوبر,2023-05-14 18:22:00,Michel Bakni,protect,,"['edit', 'move']","['editeditorprotected', 'editeditorprotected']",2029-12-31 23:59:59,Yom_Kippur_War
103,ar,حرب أكتوبر,2022-10-06 15:04:03,جار الله,protect,[[ويكيبيديا:تخريب|تخريب]] متكرر,"['edit', 'move']","['editautoreviewprotected', 'editautoreviewprotected']",2022-10-20 15:04:00,Yom_Kippur_War
104,ar,حرب أكتوبر,2022-03-08 02:53:37,وسام,protect,[[ويكيبيديا:تخريب|تخريب]] متكرر,"['edit', 'move']","['autoconfirmed', 'autoconfirmed']",2022-06-08 02:53:00,Yom_Kippur_War
105,ar,حرب أكتوبر,2022-01-31 22:03:20,Ajwaan,protect,[[ويكيبيديا:تخريب|تخريب]] متكرر,"['edit', 'move']","['autoconfirmed', 'autoconfirmed']",2022-03-03 22:03:00,Yom_Kippur_War
106,ar,حرب أكتوبر,2021-08-06 17:26:08,Michel Bakni,modify,,"['edit', 'move']","['review', 'review']",2021-11-06 17:26:00,Yom_Kippur_War
107,ar,حرب أكتوبر,2021-08-06 17:25:59,Michel Bakni,protect,,"['edit', 'move']","['review', 'review']",2021-11-06 17:25:00,Yom_Kippur_War
108,ar,حرب أكتوبر,2021-05-14 05:44:56,وسام,protect,[[ويكيبيديا:تخريب|تخريب]] متكرر,"['edit', 'move']","['autoconfirmed', 'autoconfirmed']",2021-06-14 05:44:00,Yom_Kippur_War
109,ar,حرب أكتوبر,2020-10-08 00:36:09,فيصل,protect,[[ويكيبيديا:تخريب|تخريب]] متكرر,"['edit', 'move']","['autoconfirmed', 'autoconfirmed']",2020-11-08 00:36:00,Yom_Kippur_War
110,ar,حرب أكتوبر,2020-10-05 23:10:33,Michel Bakni,protect,الذكرى السنوية,"['edit', 'move']","['review', 'review']",2020-10-06 23:10:00,Yom_Kippur_War
111,ar,حرب أكتوبر,2019-10-06 12:49:31,Ajwaan,protect,[[ويكيبيديا:تخريب|تخريب]] متكرر,"['edit', 'move']","['autoconfirmed', 'autoconfirmed']",2019-11-06 12:49:00,Yom_Kippur_War
112,ar,حرب أكتوبر,2017-05-14 12:38:55,Mervat,protect,,"['edit', 'move']","['autoconfirmed', 'autoconfirmed']",2017-05-21 12:38:00,Yom_Kippur_War
113,en,Hummus,2012-08-31 00:09:23,Anachronist,protect,"Endless unconstructive edits regarding origins from anonymous contributors, resuming each time the block lifts, unlikely to ever abate",,,2029-12-31 23:59:59,Hummus
114,en,Hummus,2011-01-05 16:14:20,Anachronist,protect,Excessive [[WP:VAN|vandalism]]: Edit warring from anonymous contributors; escalated previous protection to 1 year,,,2012-01-05 16:14:00,Hummus
115,en,Hummus,2010-09-22 17:04:30,Anachronist,modify,[[WP:PPOL#Content disputes|Edit warring / Content dispute]],,,2010-10-20 21:41:00,Hummus
116,en,Hummus,2010-04-20 21:41:09,Gwen Gale,protect,Excessive [[WP:VAN|vandalism]],,,2010-10-20 21:41:00,Hummus
117,en,Hummus,2010-02-11 16:48:11,Gwen Gale,modify,[[WP:PPOL#Content disputes|Edit warring / Content dispute]]: IP edit warring,,,2010-02-14 16:48:00,Hummus
118,en,Hummus,2010-02-11 16:47:35,Gwen Gale,protect,[[WP:PPOL#Content disputes|Edit warring / Content dispute]]: IP edit warring,,,2029-12-31 23:59:59,Hummus
119,en,Hummus,2009-10-26 11:05:04,Spartaz,protect,[[WP:PPOL#Content disputes|Edit warring / Content dispute]]: more edit warring,,,2009-10-27 11:05:00,Hummus
120,en,Hummus,2009-04-22 21:14:05,Gwen Gale,protect,Excessive [[WP:VANDALISM|vandalism]],,,2009-10-22 21:14:00,Hummus
121,en,Hummus,2008-12-07 09:06:30,Spartaz,modify,extending another 3 days consensus still miles away,,,2008-12-10 09:06:00,Hummus
122,en,Hummus,2008-12-04 23:03:57,Spartaz,modify,extending the protection - consensus looks a long way off,,,2008-12-07 23:03:00,Hummus
123,en,Hummus,2008-12-03 13:10:06,Spartaz,protect,[[WP:PPOL#Content disputes|Edit warring / Content dispute]],,,2008-12-05 13:10:00,Hummus
124,en,Hummus,2008-03-12 04:36:40,Luna Santin,protect,"sock attacks [edit=autoconfirmed:move=autoconfirmed] (expires 04:36, 26 March 2008 (UTC))",,,2008-03-26 04:36:00,Hummus
125,en,Hummus,2008-02-26 11:33:51,Viridae,protect,"edit war [edit=sysop:move=sysop] (expires 11:33, 27 February 2008 (UTC))",,,2008-02-27 11:33:00,Hummus
126,en,Falafel,2023-03-23 16:05:39,Guerillero,protect,[[WP:A/I/PIA|New editors are prohibited from editing this Arab–Israeli conflict related page]],"['edit', 'move']","['extendedconfirmed', 'extendedconfirmed']",2029-12-31 23:59:59,Falafel
127,en,Falafel,2020-10-29 17:11:55,Materialscientist,protect,Persistent [[WP:Disruptive editing|disruptive editing]],"['edit', 'move']","['autoconfirmed', 'autoconfirmed']",2021-01-29 17:11:00,Falafel
128,en,Falafel,2020-05-24 03:25:43,SlimVirgin,protect,Persistent [[WP:Sock puppetry|sock puppetry]]: per RfPP,"['edit', 'move']","['autoconfirmed', 'autoconfirmed']",2020-06-07 03:25:00,Falafel
129,en,Falafel,2019-08-22 00:22:46,El C,protect,Persistent [[WP:Sock puppetry|sock puppetry]],"['edit', 'move']","['autoconfirmed', 'autoconfirmed']",2019-09-05 00:22:00,Falafel
130,en,Falafel,2019-06-18 09:40:20,Scott Burley,protect,Persistent [[WP:Disruptive editing|disruptive editing]],['edit'],['autoconfirmed'],2019-07-18 09:40:00,Falafel
131,en,Falafel,2018-11-13 16:13:11,Enigmaman,protect,Persistent [[WP:Disruptive editing|disruptive editing]]: discuss your falafel war on the talk page,"['edit', 'move']","['autoconfirmed', 'autoconfirmed']",2018-11-16 16:13:00,Falafel
132,en,Falafel,2013-09-22 16:18:59,Mark Arsten,protect,disruptive editing,,,2013-10-22 16:18:00,Falafel
133,en,Falafel,2008-03-04 15:33:49,Alison,protect,"Constant disruptive edit-warring [edit=sysop:move=sysop] (expires 15:33, 18 March 2008 (UTC))",,,2008-03-18 15:33:00,Falafel
134,de,Falafel,2018-11-04 10:38:37,Rmcharb,protect,[[WP:WAR|Edit-War]],"['edit', 'move']","['autoconfirmed', 'autoconfirmed']",2018-11-11 10:38:00,Falafel
135,ar,فلافل,2023-07-03 20:57:00,فاطمة الزهراء,modify,[[ويكيبيديا:تخريب|تخريب]] متكرر,"['edit', 'move']","['autoconfirmed', 'autoconfirmed']",2023-07-17 20:56:00,Falafel
136,ar,فلافل,2023-07-03 20:56:53,فاطمة الزهراء,protect,[[ويكيبيديا:تخريب|تخريب]] متكرر,"['edit', 'move']","['autoconfirmed', 'autoconfirmed']",2023-07-17 20:56:00,Falafel
137,ar,فلافل,2019-06-18 17:49:41,Memelord0,protect,[[ويكيبيديا:تخريب|تخريب]] متكرر,"['edit', 'move']","['autoreview', 'autoreview']",2019-07-02 17:49:00,Falafel
138,ar,فلافل,2007-12-28 14:40:59,Lord Anubis,unprotect,إزالة حماية- 6 أشهر محمية,,,,Falafel
139,ar,فلافل,2007-07-09 00:49:07,TheEgyptian,protect,تخريب مستمر [edit=autoconfirmed:move=autoconfirmed],,,,Falafel
140,en,Shawarma,2023-04-21 03:14:07,Daniel Case,protect,Persistent [[WP:Disruptive editing|disruptive editing]]: per RFPP,"['edit', 'move']","['autoconfirmed', 'autoconfirmed']",2023-07-21 03:14:00,Shawarma
141,en,Shawarma,2017-10-24 01:28:41,MusikAnimal,protect,Persistent [[WP:Sock puppetry|sock puppetry]] / [[WP:DE|disruptive editing]],['edit'],['autoconfirmed'],2017-11-07 01:28:00,Shawarma
142,en,Shawarma,2012-05-08 18:52:53,Jc37,protect,linked in [[The Avengers (2012 film)]],,,2012-06-08 18:52:00,Shawarma
143,de,Schawarma,2023-04-03 07:18:43,Crazy1880,protect,Auf Anfrage WP:A/A,"['edit', 'move']","['editeditorprotected', 'editeditorprotected']",2024-04-03 07:18:00,Shawarma
144,en,First Intifada,2016-10-17 03:57:46,Renamed user mou89p43twvqcvm8ut9w3,protect,[[WP:30/500|Arbitration enforcement]]; [[WP:ARBPIA3#500/30]],"['edit', 'move']","['extendedconfirmed', 'extendedconfirmed']",2029-12-31 23:59:59,First_Intifada
145,en,United Nations Partition Plan for Palestine,2017-05-03 12:17:31,Maile66,protect,[[WP:ARBPIA3#500/30|New editors are prohibited from editing this Arab-Israeli conflict related page]],"['edit', 'move']","['extendedconfirmed', 'extendedconfirmed']",2029-12-31 23:59:59,United_Nations_Partition_Plan_for_Palestine
146,en,United Nations Partition Plan for Palestine,2016-09-07 12:39:06,Ged UK,protect,[[WP:ARBPIA3#500/30|New editors are prohibited from editing this Arab-Israeli conflict related page]],"['edit', 'move']","['extendedconfirmed', 'extendedconfirmed']",2017-03-07 12:39:00,United_Nations_Partition_Plan_for_Palestine
147,en,United Nations Partition Plan for Palestine,2013-02-14 17:43:05,NawlinWiki,protect,Persistent [[WP:Sock puppetry|sock puppetry]],,,2013-03-14 17:43:00,United_Nations_Partition_Plan_for_Palestine
148,en,United Nations Partition Plan for Palestine,2010-05-09 03:02:50,Timotheus Canens,protect,Excessive [[WP:SOCK|sock puppetry]],,,2010-05-23 03:02:00,United_Nations_Partition_Plan_for_Palestine
149,en,United Nations Partition Plan for Palestine,2009-12-15 17:18:22,Seddon,protect,[[WP:PPOL#Content disputes|Edit warring / Content dispute]]: IP indirectly points out the clear concensus. hoping this will stem the disruption,,,2009-12-22 17:18:00,United_Nations_Partition_Plan_for_Palestine
150,en,United Nations Partition Plan for Palestine,2009-08-29 01:02:53,Cirt,protect,[[WP:PPOL#Content disputes|Edit warring / Content dispute]],,,2009-09-01 01:02:00,United_Nations_Partition_Plan_for_Palestine
151,en,Intercommunal conflict in Mandatory Palestine,2017-03-19 23:12:34,El C,protect,[[WP:ARBPIA3#500/30|New editors are prohibited from editing this Arab-Israeli conflict related page]],"['edit', 'move']","['extendedconfirmed', 'extendedconfirmed']",2029-12-31 23:59:59,Intercommunal_conflict_in_Mandatory_Palestine
152,en,Intercommunal conflict in Mandatory Palestine,2016-09-07 12:43:20,Ged UK,protect,[[WP:ARBPIA3#500/30|New editors are prohibited from editing this Arab-Israeli conflict related page]],"['edit', 'move']","['extendedconfirmed', 'extendedconfirmed']",2016-12-07 12:43:00,Intercommunal_conflict_in_Mandatory_Palestine
153,en,Lehi (militant group),2018-01-16 18:07:31,Samee,move_prot,[[Lehi (group)]] moved to [[Lehi (militant group)]]: Requested at [[WP:RM]],,,,Lehi_(militant_group)
154,de,Lechi,2018-11-23 13:17:01,He3nry,protect,"aktueller Anlass, siehe Versionsgeschichte","['edit', 'move']","['autoconfirmed', 'autoconfirmed']",2019-05-23 12:17:00,Lehi_(militant_group)
155,de,Lechi,2018-09-11 20:13:20,Wahldresdner,protect,Wiederkehrender [[WP:Vd|Vandalismus]],"['edit', 'move']","['autoconfirmed', 'autoconfirmed']",2018-10-11 20:13:00,Lehi_(militant_group)
156,de,Lechi,2018-07-27 12:35:03,Seewolf,protect,Wenig hilfreiche Bearbeitungen durch Sperrumgeher,"['edit', 'move']","['autoconfirmed', 'autoconfirmed']",2018-08-27 12:35:00,Lehi_(militant_group)
157,de,Lechi,2016-12-11 15:39:35,He3nry,protect,[[WP:WAR|Edit-War]],"['edit', 'move']","['sysop', 'sysop']",2016-12-18 15:39:00,Lehi_(militant_group)
158,en,Irgun,2017-09-26 21:36:36,Samsara,protect,[[WP:ARBPIA3#500/30|New editors are prohibited from editing this Arab-Israeli conflict related page]]: via RfPP,"['edit', 'move']","['extendedconfirmed', 'extendedconfirmed']",2029-12-31 23:59:59,Irgun
159,en,Irgun,2013-08-27 20:46:04,NawlinWiki,protect,Persistent [[WP:Sock puppetry|sock puppetry]],,,2014-08-27 20:46:00,Irgun
160,en,Irgun,2013-01-26 18:28:35,Reaper Eternal,protect,Persistent [[WP:Sock puppetry|sock puppetry]],,,2013-02-26 18:28:00,Irgun
161,en,Irgun,2011-12-11 02:22:18,WGFinley,modify,[[WP:PP#Content disputes|Edit warring / Content dispute]],,,2011-12-18 02:22:00,Irgun
162,en,Irgun,2011-02-10 03:38:53,NawlinWiki,protect,Persistent [[WP:Sock puppetry|sock puppetry]],,,2011-02-11 10:38:00,Irgun
163,en,Irgun,2008-07-20 08:05:15,Sandstein,protect,"edit warring by anonymous editor(s) as reported on [[WP:AN3]] [edit=autoconfirmed:move=autoconfirmed] (expires 08:05, 23 July 2008 (UTC))",,,,Irgun
164,en,Irgun,2007-05-14 07:46:15,Majorly,unprotect,Page protected for a while; hopefully no longer necessary,,,,Irgun
165,en,Irgun,2007-05-02 23:07:28,Cbrown1023,protect,Users engaging in edit warring. [edit=sysop:move=sysop],,,,Irgun
166,en,Irgun,2007-01-13 02:24:13,Khoikhoi,unprotect,time,,,,Irgun
167,en,Irgun,2006-12-24 06:37:35,Khoikhoi,protect,banned user [[User:Wik|Wik]] editing [edit=autoconfirmed:move=autoconfirmed],,,,Irgun
168,de,Irgun Zwai Leumi,2019-10-12 21:39:48,Dandelo,protect,[[WP:WAR|Edit-War]],"['edit', 'move']","['autoconfirmed', 'autoconfirmed']",2019-10-26 21:39:00,Irgun
169,de,Irgun Zwai Leumi,2019-09-01 12:25:27,Dandelo,modify,[[WP:WAR|Edit-War]],"['edit', 'move']","['autoconfirmed', 'autoconfirmed']",2019-09-08 12:25:00,Irgun
170,de,Irgun Zwai Leumi,2019-09-01 12:25:22,Rmcharb,protect,[[WP:WAR|Edit-War]],"['edit', 'move']","['autoconfirmed', 'autoconfirmed']",2019-09-08 12:25:00,Irgun
171,de,Irgun Zwai Leumi,2019-01-24 14:11:24,Werner von Basil,protect,[[WP:WAR|Edit-War]],"['edit', 'move']","['autoconfirmed', 'autoconfirmed']",2019-04-24 13:11:00,Irgun
172,de,Irgun Zwai Leumi,2018-12-20 11:28:59,Regi51,protect,[[WP:WAR|Edit-War]],"['edit', 'move']","['autoconfirmed', 'autoconfirmed']",2019-01-20 11:28:00,Irgun
173,de,Irgun Zwai Leumi,2018-11-23 14:27:49,Cymothoa exigua,protect,[[WP:WAR|Edit-War]]: Bitte ggf. auf Diskussionsseite klären,"['edit', 'move']","['autoconfirmed', 'autoconfirmed']",2018-11-30 14:27:00,Irgun
174,de,Irgun Zwai Leumi,2018-07-26 17:08:01,Regi51,protect,[[WP:WAR|Edit-War]],"['edit', 'move']","['autoconfirmed', 'autoconfirmed']",2018-10-26 17:08:00,Irgun
175,de,Irgun Zwai Leumi,2018-07-26 14:52:58,WAH,protect,Wiederkehrender [[WP:Vd|Vandalismus]],"['edit', 'move']","['autoconfirmed', 'autoconfirmed']",2018-07-26 15:52:00,Irgun
176,en,Ze'ev Jabotinsky,2024-05-02 23:28:14,Yamla,protect,,"['edit', 'move']","['extendedconfirmed', 'extendedconfirmed']",2029-12-31 23:59:59,Ze'ev_Jabotinsky
177,en,Ze'ev Jabotinsky,2024-05-02 19:34:55,Doug Weller,unprotect,I don’t think I should have done this. I’m too involved.,,,,Ze'ev_Jabotinsky
178,en,Ze'ev Jabotinsky,2024-05-02 09:42:26,Doug Weller,protect,Persistent [[WP:Disruptive editing|disruptive editing]],"['edit', 'move']","['autoconfirmed', 'autoconfirmed']",2024-06-02 09:42:00,Ze'ev_Jabotinsky
179,en,Ze'ev Jabotinsky,2019-11-30 00:27:08,Berean Hunter,protect,Persistent [[WP:Sock puppetry|sock puppetry]],['edit'],['autoconfirmed'],2019-12-30 00:27:00,Ze'ev_Jabotinsky
180,en,Haganah,2024-06-25 20:59:19,Daniel Case,modify,[[WP:CTOP|Contentious topic]] restriction: per RFPP and ARBPIA,"['edit', 'move']","['extendedconfirmed', 'extendedconfirmed']",2029-12-31 23:59:59,Haganah
181,en,Haganah,2007-12-21 20:29:52,Acalamari,protect,Same reason as last time [edit=autoconfirmed:move=autoconfirmed],,,,Haganah
182,en,Haganah,2007-12-13 23:43:40,KnowledgeOfSelf,protect,"sock attacks [edit=autoconfirmed:move=autoconfirmed] (expires 23:43, December 20, 2007 (UTC))",,,,Haganah
183,en,Haganah,2007-11-28 14:52:51,Herbythyme,protect,"Too many reverts, discuss changes if necessary [edit=autoconfirmed:move=autoconfirmed] (expires 14:52, 30 November 2007 (UTC))",,,2007-11-30 14:52:00,Haganah
184,en,Haganah,2007-11-13 21:10:28,El C,protect,"you can always try polite communication... or, you can continue to do the opposite and get nowhere [edit=autoconfirmed:move=autoconfirmed] (expires 21:10, 16 November 2007 (UTC))",,,2007-11-16 21:10:00,Haganah
185,en,Haganah,2007-10-18 15:58:48,Pax:Vobiscum,protect,"disruptive IP edits [edit=autoconfirmed:move=autoconfirmed] (expires 15:58, 1 November 2007 (UTC))",,,2007-11-01 15:58:00,Haganah
186,en,Haganah,2007-10-12 03:36:54,El C,protect,"shifting ip reverting to much older version (missing inter-languagelink, etc.) without comment (unless ugly cabal in all uppercase counts as a comment —  remember, I said *unless*) [edit=autoconfirmed:move=autoconfirmed] (expires 03:36, 13 October 2007",,,,Haganah
187,en,Haganah,2007-09-29 17:23:26,Jossi,protect,"anaon vandalism [edit=autoconfirmed:move=autoconfirmed] (expires 17:23, October 6, 2007 (UTC))",,,,Haganah
188,en,Haganah,2006-05-06 05:10:49,SlimVirgin,unprotect,,,,,Haganah
189,en,Haganah,2006-05-02 04:03:34,SlimVirgin,protect,[edit=autoconfirmed:move=autoconfirmed],,,,Haganah
190,de,Hagana,2008-01-18 11:46:57,Tönjes,protect,"[edit=autoconfirmed:move=autoconfirmed] (bis 11:46, 25. Jan. 2008 (UTC))",,,,Haganah
191,de,Hagana,2007-10-28 12:37:51,Dundak,protect,"IP-Vandalismus [edit=autoconfirmed:move=autoconfirmed] (bis 12:37, 11. Nov. 2007 (UTC))",,,,Haganah
192,en,1947–1948 civil war in Mandatory Palestine,2019-02-28 15:56:59,Srnec,move_prot,"[[1947–1948 Civil War in Mandatory Palestine]] moved to [[1947–1948 civil war in Mandatory Palestine]]: this is a descriptive title, so lower case",,,,1947–1948_civil_war_in_Mandatory_Palestine
193,en,1948 Arab–Israeli War,2016-08-07 03:27:31,Airplaneman,modify,whoops,"['edit', 'move']","['extendedconfirmed', 'sysop']",2029-12-31 23:59:59,1948_Arab–Israeli_War
194,en,1948 Arab–Israeli War,2016-08-07 03:26:14,Airplaneman,modify,[[WP:30/500|Arbitration enforcement]],"['edit', 'move']","['extendedconfirmed', 'extendedconfirmed']",2029-12-31 23:59:59,1948_Arab–Israeli_War
195,en,1948 Arab–Israeli War,2013-05-20 18:03:44,HJ Mitchell,modify,Requested at RfUP and it has been fully protected since February; everyone take a deep breath,,,2029-12-31 23:59:59,1948_Arab–Israeli_War
196,en,1948 Arab–Israeli War,2013-02-21 10:11:06,King of Hearts,modify,"I won't wheel war to restore PC2 while our discussion is ongoing, but it was agreed that the only alternative to PC2 was full protection.",,,2029-12-31 23:59:59,1948_Arab–Israeli_War
197,en,1948 Arab–Israeli War,2013-01-11 05:17:54,King of Hearts,modify,Persistent [[WP:Sock puppetry|sock puppetry]],,,2029-12-31 23:59:59,1948_Arab–Israeli_War
198,en,1948 Arab–Israeli War,2013-01-10 19:55:53,Scottywong,modify,Persistent [[WP:Sock puppetry|sock puppetry]],,,2013-02-10 19:55:00,1948_Arab–Israeli_War
199,en,1948 Arab–Israeli War,2013-01-10 19:55:26,Scottywong,protect,"revert PC2 protection, I wasn't aware it wasn't allowed to be used",,,2014-01-10 19:55:00,1948_Arab–Israeli_War
200,en,1948 Arab–Israeli War,2013-01-10 19:30:42,Scottywong,unprotect,Persistent [[WP:Sock puppetry|sock puppetry]],,,,1948_Arab–Israeli_War
201,en,1948 Arab–Israeli War,2013-01-06 22:00:12,Favonian,protect,Persistent [[WP:Sock puppetry|sock puppetry]],,,2014-01-06 22:00:00,1948_Arab–Israeli_War
202,en,1948 Arab–Israeli War,2012-10-05 15:04:59,Elockid,protect,Persistent [[WP:Sock puppetry|sock puppetry]],,,2013-01-05 15:04:00,1948_Arab–Israeli_War
203,en,1948 Arab–Israeli War,2012-07-24 11:18:37,Ged UK,protect,Persistent [[WP:Sock puppetry|sock puppetry]],,,2012-08-24 11:18:00,1948_Arab–Israeli_War
204,en,1948 Arab–Israeli War,2012-07-09 20:04:45,Elockid,protect,Socking from multiple sources,,,2012-07-16 20:04:00,1948_Arab–Israeli_War
205,ar,حرب 1948,2023-11-07 19:37:36,أحمد ناجي,protect,[[ويكيبيديا:تخريب|تخريب]] متكرر.,"['edit', 'move']","['autoconfirmed', 'autoconfirmed']",2024-02-07 19:37:00,1948_Arab–Israeli_War
206,ar,حرب 1948,2022-05-21 20:18:00,علاء,protect,[[ويكيبيديا:تخريب|تخريب]] متكرر,"['edit', 'move']","['autoconfirmed', 'autoconfirmed']",2022-05-22 20:17:00,1948_Arab–Israeli_War
207,en,Yitzhak Rabin,2016-12-25 08:51:47,Ymblanter,protect,[[WP:ARBPIA3#500/30|New editors are prohibited from editing this Arab-Israeli conflict related page]]: RFPP request,"['edit', 'move']","['extendedconfirmed', 'extendedconfirmed']",2029-12-31 23:59:59,Yitzhak_Rabin
208,en,Jewish exodus from the Muslim world,2022-05-24 15:06:20,Iskandar323,move_prot,[[Jewish exodus from the Muslim World]] moved to [[Jewish exodus from the Muslim world]]: lower case,,,,Jewish_exodus_from_the_Muslim_world
209,de,Vertreibung von Juden aus arabischen und islamischen Ländern,2019-09-01 13:01:57,Rmcharb,protect,[[WP:WAR|Edit-War]],"['edit', 'move']","['autoconfirmed', 'autoconfirmed']",2019-09-08 13:01:00,Jewish_exodus_from_the_Muslim_world
210,en,1936–1939 Arab revolt in Palestine,2017-04-06 15:54:32,Galatz,move_prot,[[1936–39 Arab revolt in Palestine]] moved to [[1936–1939 Arab revolt in Palestine]]: Moving to conform with [[MOS:DATERANGE]] changes,,,,1936–1939_Arab_revolt_in_Palestine
211,en,1936–1939 Arab revolt in Palestine,2012-06-22 00:45:59,Elockid,protect,Persistent [[WP:Sock puppetry|sock puppetry]],,,2012-07-22 00:45:00,1936–1939_Arab_revolt_in_Palestine
212,en,Amin al-Husseini,2015-11-22 19:28:07,NeilN,protect,Persistent [[WP:Disruptive editing|disruptive editing]] [[WP:ARBPIA3]],['edit'],['autoconfirmed'],2029-12-31 23:59:59,Amin_al-Husseini
213,en,Amin al-Husseini,2015-10-22 11:01:50,Anthony Appleyard,move_prot,[[Zxcvbnm]] moved to [[Amin al-Husseini]]: finish swopping 2 names,,,,Amin_al-Husseini
214,de,Mohammed Amin al-Husseini,2023-11-12 20:23:59,Drahreg01,protect,Wiederkehrender [[WP:Vd|Vandalismus]],"['edit', 'move']","['autoconfirmed', 'autoconfirmed']",2023-11-19 20:23:00,Amin_al-Husseini
215,de,Mohammed Amin al-Husseini,2008-05-20 15:04:11,Wo st 01,unprotect,Einigung über Inhalte auf der Diskussion,,,,Amin_al-Husseini
216,de,Mohammed Amin al-Husseini,2008-05-16 16:05:05,Wo st 01,protect,"Wiederholtes, [[WP:Q|unbelegtes]] Entfernen von Inhalten [edit=autoconfirmed:move=autoconfirmed] (bis 16:05, 23. Mai 2008 (UTC))",,,,Amin_al-Husseini
217,en,1948 Palestinian expulsion and flight,2023-03-17 22:40:19,Galobtter,move_prot,[[1948 Palestinian exodus]] moved to [[1948 Palestinian expulsion and flight]]: Per [[Talk:1948 Palestinian exodus#Requested move 6 January 2023]],,,,1948_Palestinian_expulsion_and_flight
218,en,1948 Palestinian expulsion and flight,2022-10-02 14:17:01,UtherSRG,move_prot,[[1948 Palestinian exodus]] moved to [[1948 Palestinian expulsion and flight]]: per RM,,,,1948_Palestinian_expulsion_and_flight
219,en,List of towns and villages depopulated during the 1947–1949 Palestine war,2021-08-13 00:42:04,Primefac,modify,[[WP:MOVP|Move warring]],"['edit', 'move']","['extendedconfirmed', 'sysop']",2029-12-31 23:59:59,List_of_towns_and_villages_depopulated_during_the_1947–1949_Palestine_war
220,en,List of towns and villages depopulated during the 1947–1949 Palestine war,2021-08-12 21:16:26,Number 57,move_prot,[[Depopulated Palestinian locations in Israel]] moved to [[List of towns and villages depopulated during the 1947–1949 Palestine war]]: Not a settled title – literally only been there a month. Needs an RM.,,,,List_of_towns_and_villages_depopulated_during_the_1947–1949_Palestine_war
221,en,List of towns and villages depopulated during the 1947–1949 Palestine war,2021-08-12 20:32:09,Number 57,move_prot,[[Depopulated Palestinian locations in Israel]] moved to [[List of towns and villages depopulated during the 1947–1949 Palestine war]]: Restore clearer and more NPOV title,,,,List_of_towns_and_villages_depopulated_during_the_1947–1949_Palestine_war
222,en,List of towns and villages depopulated during the 1947–1949 Palestine war,2021-04-18 14:12:51,Selfstudier,move_prot,"[[List of towns and villages depopulated during the 1948 Palestinian exodus]] moved to [[List of towns and villages depopulated during the 1947–1949 Palestine war]]: Not only in 1948, article is mainly about properties not refugees",,,,List_of_towns_and_villages_depopulated_during_the_1947–1949_Palestine_war
223,en,Plan Dalet,2017-01-10 01:19:28,Ad Orientem,protect,[[WP:30/500|Arbitration enforcement]],"['edit', 'move']","['extendedconfirmed', 'extendedconfirmed']",2029-12-31 23:59:59,Plan_Dalet
224,en,Abd al-Qadir al-Husayni,2013-11-19 22:06:03,NawlinWiki,protect,Persistent [[WP:Sock puppetry|sock puppetry]],,,2014-02-19 22:06:00,Abd_al-Qadir_al-Husayni
225,de,Abd al-Qadir al-Husaini,2019-09-01 12:24:12,Dandelo,protect,[[WP:WAR|Edit-War]],"['edit', 'move']","['autoconfirmed', 'autoconfirmed']",2019-09-08 12:24:00,Abd_al-Qadir_al-Husayni
226,en,1929 Hebron massacre,2019-04-29 20:40:37,Oshwah,protect,Arbitration enforcement - see [[WP:ARBPIA3#500/30]].,"['edit', 'move']","['extendedconfirmed', 'extendedconfirmed']",2029-12-31 23:59:59,1929_Hebron_massacre
227,en,1929 Hebron massacre,2014-07-24 20:00:31,NawlinWiki,protect,Persistent [[WP:Sock puppetry|sock-puppetry]],,,2014-08-07 20:00:00,1929_Hebron_massacre
228,en,1929 Hebron massacre,2007-10-16 20:55:51,Penwhale,protect,"revert warring [edit=sysop:move=sysop] (expires 20:55, 23 October 2007 (UTC))",,,2007-10-23 20:55:00,1929_Hebron_massacre
229,en,1929 Hebron massacre,2007-04-16 16:34:27,Thatcher,protect,"change to 3 days, long enough for the editors to talk through their disagreement if they are capable of doing so at all [edit=sysop:move=sysop] (expires 16:34, 19 April 2007 (UTC))",,,2007-04-19 16:34:00,1929_Hebron_massacre
230,en,1929 Hebron massacre,2007-04-16 16:23:53,Thatcher,protect,"prolonged edit warring over the term ""ethnic cleansing"" [edit=sysop:move=sysop] (expires 16:23, 23 April 2007 (UTC))",,,2007-04-23 16:23:00,1929_Hebron_massacre
231,en,Causes of the 1948 Palestinian expulsion and flight,2023-04-29 04:50:31,Freedom4U,move_prot,[[Causes of the 1948 expulsion and flight of Palestinians]] moved to [[Causes of the 1948 Palestinian expulsion and flight]]: Matching main article - see talk page,,,,Causes_of_the_1948_Palestinian_expulsion_and_flight
232,en,Deir Yassin massacre,2016-04-13 18:00:09,Ymblanter,modify,[[WP:ARBPIA3#500/30|New editors are prohibited from editing this Arab-Israeli conflict related page]]: RFPP request,"['edit', 'move']","['extendedconfirmed', 'sysop']",2029-12-31 23:59:59,Deir_Yassin_massacre
233,en,Deir Yassin massacre,2014-10-25 03:41:03,NawlinWiki,modify,,,,2015-10-25 03:41:00,Deir_Yassin_massacre
234,en,Deir Yassin massacre,2013-08-27 20:44:53,NawlinWiki,modify,Persistent [[WP:Sock puppetry|sock puppetry]],,,2014-08-27 20:44:00,Deir_Yassin_massacre
235,en,Deir Yassin massacre,2013-01-18 03:53:19,NawlinWiki,modify,Persistent [[WP:Sock puppetry|sock puppetry]],,,2013-02-18 03:53:00,Deir_Yassin_massacre
236,en,Deir Yassin massacre,2010-10-20 14:43:14,Graham87,move_prot,[[MediaWiki talk:Deir Yassin incident]] moved to [[Deir Yassin massacre]]: revert,,,,Deir_Yassin_massacre
237,en,Deir Yassin massacre,2010-08-13 13:59:17,Vanished user 19794758563875,modify,issue seems resolved.,,,2029-12-31 23:59:59,Deir_Yassin_massacre
238,en,Deir Yassin massacre,2010-08-12 16:53:11,Vanished user 19794758563875,protect,[[WP:PPOL#Content disputes|Edit warring / Content dispute]],,,2010-08-26 16:53:00,Deir_Yassin_massacre
239,en,Deir Yassin massacre,2010-05-30 19:01:30,Tcncv,protect,[[WP:PPOL#Content disputes|Edit warring / Content dispute]],,,2010-06-13 19:01:00,Deir_Yassin_massacre
240,en,Deir Yassin massacre,2010-05-24 22:47:16,Elockid,protect,[[WP:PPOL#Content disputes|Edit warring / Content dispute]],,,2010-05-29 22:47:00,Deir_Yassin_massacre
241,en,Deir Yassin massacre,2008-07-30 01:45:23,J.delanoy,protect,"As I said before, the page has been at ""massacre"" for 6 years. Please talk it out before moving. [move=sysop] (expires 01:45, 20 August 2008 (UTC))",,,2008-08-20 01:45:00,Deir_Yassin_massacre
242,en,Deir Yassin massacre,2007-09-19 12:57:39,Yonatan,unprotect,"i don't see any debate, article has been locked for way too long",,,,Deir_Yassin_massacre
243,en,Deir Yassin massacre,2007-04-27 18:54:23,MacGyverMagic,protect,protected until heavy revert war is sorted out on talk [edit=sysop:move=sysop],,,,Deir_Yassin_massacre
244,en,Deir Yassin massacre,2006-11-29 05:34:03,Centrx,unprotect,,,,,Deir_Yassin_massacre
245,en,Deir Yassin massacre,2006-11-11 23:39:45,Steel,protect,Edit warring [edit=sysop:move=sysop],,,,Deir_Yassin_massacre
246,en,Deir Yassin massacre,2006-07-18 13:52:33,ChrisO~enwiki,unprotect,Unprotecting for now,,,,Deir_Yassin_massacre
247,en,Deir Yassin massacre,2006-07-18 10:52:41,ChrisO~enwiki,protect,Temporarily move-protected until dispute can be resolved [move=sysop],,,,Deir_Yassin_massacre
248,de,Massaker von Deir Yasin,2018-12-20 20:33:17,Wahldresdner,protect,Wiederkehrender [[WP:Vd|Vandalismus]],"['edit', 'move']","['autoconfirmed', 'autoconfirmed']",2019-03-20 20:33:00,Deir_Yassin_massacre
249,de,Massaker von Deir Yasin,2018-09-14 20:40:40,Felistoria,protect,Wiederkehrender [[WP:Vd|Vandalismus]],"['edit', 'move']","['autoconfirmed', 'autoconfirmed']",2018-12-14 21:40:00,Deir_Yassin_massacre
250,de,Massaker von Deir Yasin,2018-07-27 13:39:59,Regi51,protect,[[WP:WAR|Edit-War]],"['edit', 'move']","['autoconfirmed', 'autoconfirmed']",2018-08-27 13:39:00,Deir_Yassin_massacre
251,de,Massaker von Deir Yasin,2006-08-13 02:41:15,D,unprotect,vorbei?,,,,Deir_Yassin_massacre
252,de,Massaker von Deir Yasin,2006-08-10 08:27:20,D,protect,editwar [edit=autoconfirmed:move=autoconfirmed],,,,Deir_Yassin_massacre
253,en,Menachem Begin,2016-12-30 13:53:41,Samsara,protect,[[WP:ARBPIA3#500/30|New editors are prohibited from editing this Arab-Israeli conflict related page]],"['edit', 'move']","['extendedconfirmed', 'extendedconfirmed']",2029-12-31 23:59:59,Menachem_Begin
254,en,Menachem Begin,2015-05-20 02:02:13,Malik Shabazz,protect,Persistent [[WP:Vandalism|vandalism]],,,2015-05-27 02:02:00,Menachem_Begin
255,en,Menachem Begin,2012-04-18 02:04:05,EdJohnston,protect,Persistent [[WP:Sock puppetry|sock puppetry]]: [[WP:AN3#User:212.121.210.45 reported by User:AnkhMorpork (Result: Semi)]],,,2012-05-18 02:04:00,Menachem_Begin
256,en,Menachem Begin,2009-01-04 11:59:31,VirtualSteve,protect,[[WP:PPOL#Content disputes|Edit warring / Content dispute]],,,2009-01-11 11:59:00,Menachem_Begin
257,en,Menachem Begin,2008-10-17 15:59:29,Ioeth,modify,to change duration to 1 week from indefinite,,,2008-10-24 15:59:00,Menachem_Begin
258,en,Menachem Begin,2008-10-17 15:58:27,Ioeth,protect,: Semi-protection. (using [[WP:TW|Twinkle]]),,,2029-12-31 23:59:59,Menachem_Begin
259,en,Menachem Begin,2008-07-21 22:01:26,The-G-Unit-Boss,protect,"IP Warring [edit=autoconfirmed:move=autoconfirmed] (expires 22:01, 28 July 2008 (UTC))",,,2008-07-28 22:01:00,Menachem_Begin
260,en,Menachem Begin,2007-06-12 22:16:05,ChrisO~enwiki,unprotect,Unprotecting - why has this been semi-protected for 6 months?,,,,Menachem_Begin
261,en,Menachem Begin,2006-12-24 05:05:44,Jayjg,protect,revert sockpuppet [edit=autoconfirmed:move=autoconfirmed],,,,Menachem_Begin
262,en,Hebrew language,2023-12-31 21:17:08,Daniel Quinlan,protect,[[WP:CTOP|Contentious topics]] enforcement for [[WP:CT/A-I]]; requested at [[WP:RfPP]],"['edit', 'move']","['extendedconfirmed', 'extendedconfirmed']",2024-12-31 21:17:00,Hebrew_language
263,en,Hebrew language,2021-02-28 15:56:53,Newslinger,protect,Persistent [[WP:Vandalism|vandalism]]; requested at [[WP:RfPP]],['edit'],['autoconfirmed'],2021-03-07 15:56:00,Hebrew_language
264,en,Hebrew language,2013-02-05 20:28:22,Favonian,protect,Persistent [[WP:Vandalism|vandalism]],,,2013-02-19 20:28:00,Hebrew_language
265,en,Hebrew language,2009-12-28 18:16:25,Tedder,protect,Excessive [[WP:VANDALISM|vandalism]],,,2009-12-31 18:16:00,Hebrew_language
266,en,Hebrew language,2008-08-12 01:05:10,Luna Santin,protect,"vandalism spreading from a few other pages... trying semi for a bit [edit=autoconfirmed:move=autoconfirmed] (expires 03:05, 12 August 2008 (UTC))",,,2008-08-12 03:05:00,Hebrew_language
267,ar,اللغة العبرية,2023-11-15 18:20:08,فاطمة الزهراء,protect,[[ويكيبيديا:تخريب|تخريب]] متكرر.,"['edit', 'move']","['autoconfirmed', 'autoconfirmed']",2023-12-15 18:20:00,Hebrew_language
268,ar,اللغة العبرية,2023-10-09 15:49:47,فاطمة الزهراء,protect,[[ويكيبيديا:تخريب|تخريب]] متكرر.,"['edit', 'move']","['autoconfirmed', 'autoconfirmed']",2023-11-09 15:49:00,Hebrew_language
269,ar,اللغة العبرية,2021-05-17 21:42:09,صالح,protect,[[ويكيبيديا:تخريب|تخريب]] متكرر,"['edit', 'move']","['autoconfirmed', 'autoconfirmed']",2021-06-17 21:42:00,Hebrew_language
270,en,Suez Crisis,2023-02-14 18:06:53,Lithopsian,move_prot,"[[1956 War]] moved to [[Suez Crisis]]: revert oer [[WP:COMMONNAME]], at best it needs discussing first",,,,Suez_Crisis
271,en,Suez Crisis,2017-07-08 11:35:04,Oshwah,modify,[[WP:30/500|Arbitration enforcement]],"['edit', 'move']","['extendedconfirmed', 'extendedconfirmed']",2029-12-31 23:59:59,Suez_Crisis
272,en,Suez Crisis,2011-12-13 17:26:37,Reaper Eternal,protect,Persistent [[WP:Sock puppetry|sock puppetry]]: more IP edit warfare on Israeli-Palestine-related articles,,,2029-12-31 23:59:59,Suez_Crisis
273,en,Suez Crisis,2011-11-05 12:52:47,Vsmith,protect,Persistent [[WP:Sock puppetry|sock puppetry]]: anon edit warring,,,2011-11-12 12:52:00,Suez_Crisis
274,en,Suez Crisis,2011-05-19 21:43:11,Dabomb87,protect,Persistent [[WP:Sock puppetry|sock puppetry]],,,2011-06-09 21:43:00,Suez_Crisis
275,en,Suez Crisis,2011-04-12 18:00:31,Anachronist,protect,Persistent [[WP:Sock puppetry|sock puppetry]]: Apparent IP block evasion,,,2011-04-22 18:00:00,Suez_Crisis
276,en,Suez Crisis,2011-04-03 16:21:03,Mifter,protect,Semi-protection. using [[WP:TWINKLE|TW]],,,2011-04-08 16:21:00,Suez_Crisis
277,en,Suez Crisis,2005-04-12 13:47:14,Viajero,unprotect,five days long enough,,,,Suez_Crisis
278,en,Suez Crisis,2005-04-07 15:51:44,Viajero,protect,repeated vandalism by anon user; requested by user jayjg on RfPP,,,,Suez_Crisis
279,en,Egypt–Israel peace treaty,2020-08-15 19:31:04,Continentaleurope,move_prot,[[Egypt–Israel peace Treaty]] moved to [[Egypt–Israel peace treaty]],,,,Egypt–Israel_peace_treaty
280,en,Palestinian Arabic,2013-08-26 15:48:53,NawlinWiki,protect,Persistent [[WP:Sock puppetry|sock puppetry]],,,2014-02-26 15:48:00,Palestinian_Arabic
281,en,Palestinian Arabic,2011-12-27 04:41:36,AmandaNP,modify,Persistent [[WP:Vandalism|vandalism]],,,2012-01-27 04:41:00,Palestinian_Arabic
282,en,Palestinian Arabic,2011-12-09 08:40:30,Fastily,protect,Persistent [[WP:Vandalism|vandalism]],,,2011-12-16 08:40:00,Palestinian_Arabic
283,en,Palestinian Arabic,2007-09-30 18:35:37,Caknuck,protect,"Protecting against vandalism from anon users [edit=autoconfirmed:move=autoconfirmed] (expires 18:35, 2 October 2007 (UTC))",,,2007-10-02 18:35:00,Palestinian_Arabic
284,en,Palestinian cuisine,2021-07-07 16:11:01,Joe Roe,protect,[[WP:30/500|Arbitration enforcement]] ([[WP:A/I/PIA]]).,"['edit', 'move']","['extendedconfirmed', 'extendedconfirmed']",2029-12-31 23:59:59,Palestinian_cuisine
285,en,Palestinian cuisine,2016-06-08 02:25:24,Elockid,protect,Persistent [[WP:Sock puppetry|sock puppetry]],"['edit', 'move']","['autoconfirmed', 'autoconfirmed']",2016-06-11 02:25:00,Palestinian_cuisine
286,en,Mahmoud Darwish,2010-11-01 19:04:41,Courcelles,protect,Semi-protection: vandalism. using [[WP:TW|TW]],,,2010-11-04 19:04:00,Mahmoud_Darwish
287,ar,محمود درويش,2020-02-26 03:02:00,Ajwaan,protect,[[ويكيبيديا:تخريب|تخريب]] متكرر,"['edit', 'move']","['autoconfirmed', 'autoconfirmed']",2020-03-11 03:01:00,Mahmoud_Darwish
288,ar,محمود درويش,2012-07-02 14:21:34,Antime,protect,[[ويكيبيديا:تخريب|تخريب]] متكرر,,,2012-08-02 14:21:00,Mahmoud_Darwish
289,en,Origin of the Palestinians,2023-10-15 18:45:30,Daniel Quinlan,protect,[[WP:CTOP|Contentious topics]] enforcement for [[WP:CT/A-I]]; requested at [[WP:RfPP]],"['edit', 'move']","['extendedconfirmed', 'extendedconfirmed']",2029-12-31 23:59:59,Origin_of_the_Palestinians
