,Article,Language,Month,Count
0,Nakba,en,2024-05,7.0
1,Nakba,en,2024-04,50.0
2,Nakba,en,2024-03,45.0
3,Nakba,en,2024-02,67.0
4,Nakba,en,2024-01,112.0
5,Nakba,en,2023-12,121.0
6,Nakba,en,2023-11,188.0
7,Nakba,en,2023-10,124.0
8,Nakba,en,2023-09,4.0
9,Nakba,en,2023-07,1.0
10,Nakba,en,2023-05,17.0
11,Nakba,en,2023-04,2.0
12,Nakba,en,2023-03,7.0
13,Nakba,en,2023-02,3.0
14,Nakba,en,2023-01,4.0
15,Nakba,en,2022-12,12.0
16,Nakba,en,2022-11,3.0
17,Nakba,en,2022-10,3.0
18,Nakba,en,2022-09,6.0
19,Nakba,en,2022-08,4.0
20,Nakba,en,2022-06,7.0
21,Nakba,en,2022-05,6.0
22,Nakba,en,2022-04,5.0
23,Nakba,en,2022-03,3.0
24,Nakba,en,2021-12,3.0
25,Nakba,en,2021-11,5.0
26,Nakba,en,2021-10,1.0
27,Nakba,en,2021-08,4.0
28,Nakba,en,2021-06,1.0
29,Nakba,en,2021-05,17.0
30,Nakba,en,2021-04,119.0
31,Nakba,de,2024-05,30.0
32,Nakba,de,2024-04,25.0
33,Nakba,de,2024-03,8.0
34,Nakba,de,2024-02,26.0
35,Nakba,de,2024-01,6.0
36,Nakba,de,2023-11,5.0
37,Nakba,de,2023-10,10.0
38,Nakba,de,2023-08,2.0
39,Nakba,de,2023-07,10.0
40,Nakba,de,2023-06,5.0
41,Nakba,de,2023-05,2.0
42,Nakba,de,2023-03,2.0
43,Nakba,de,2023-01,2.0
44,Nakba,de,2022-12,4.0
45,Nakba,de,2022-11,5.0
46,Nakba,de,2022-08,1.0
47,Nakba,de,2022-07,4.0
48,Nakba,de,2022-05,4.0
49,Nakba,de,2022-03,3.0
50,Nakba,de,2021-12,1.0
51,Nakba,de,2021-11,1.0
52,Nakba,de,2021-10,2.0
53,Nakba,de,2021-05,6.0
54,Nakba,de,2021-04,2.0
55,Nakba,de,2020-09,4.0
56,Nakba,de,2020-08,1.0
57,Nakba,de,2020-06,1.0
58,Nakba,de,2020-05,1.0
59,Nakba,de,2020-03,3.0
60,Nakba,de,2019-12,1.0
61,Nakba,de,2019-09,1.0
62,Nakba,de,2019-07,1.0
63,Nakba,de,2019-06,4.0
64,Nakba,de,2019-05,1.0
65,Nakba,de,2019-04,2.0
66,Nakba,de,2019-03,1.0
67,Nakba,de,2019-01,1.0
68,Nakba,de,2018-09,3.0
69,Nakba,de,2018-08,1.0
70,Nakba,de,2018-06,1.0
71,Nakba,de,2018-05,4.0
72,Nakba,de,2018-04,4.0
73,Nakba,de,2018-03,1.0
74,Nakba,de,2017-09,1.0
75,Nakba,de,2017-07,8.0
76,Nakba,de,2017-06,11.0
77,Nakba,de,2017-03,5.0
78,Nakba,de,2017-01,1.0
79,Nakba,de,2016-12,3.0
80,Nakba,de,2016-11,1.0
81,Nakba,de,2016-01,2.0
82,Nakba,de,2015-11,1.0
83,Nakba,de,2015-07,1.0
84,Nakba,de,2015-04,2.0
85,Nakba,de,2014-12,2.0
86,Nakba,de,2014-08,1.0
87,Nakba,de,2014-04,3.0
88,Nakba,de,2014-03,4.0
89,Nakba,de,2013-10,2.0
90,Nakba,de,2013-09,1.0
91,Nakba,de,2013-06,1.0
92,Nakba,de,2013-05,3.0
93,Nakba,de,2013-04,2.0
94,Nakba,de,2013-02,2.0
95,Nakba,de,2013-01,2.0
96,Nakba,de,2012-12,3.0
97,Nakba,de,2012-11,5.0
98,Nakba,de,2012-09,2.0
99,Nakba,de,2012-07,3.0
100,Nakba,de,2012-06,2.0
101,Nakba,de,2012-05,5.0
102,Nakba,de,2012-04,1.0
103,Nakba,de,2012-03,3.0
104,Nakba,de,2012-01,1.0
105,Nakba,de,2011-11,1.0
106,Nakba,de,2011-10,2.0
107,Nakba,de,2011-09,1.0
108,Nakba,de,2011-08,4.0
109,Nakba,de,2011-07,2.0
110,Nakba,de,2011-05,1.0
111,Nakba,de,2011-04,6.0
112,Nakba,de,2011-02,1.0
113,Nakba,de,2010-11,5.0
114,Nakba,de,2010-08,5.0
115,Nakba,de,2010-07,1.0
116,Nakba,de,2010-06,5.0
117,Nakba,de,2010-05,1.0
118,Nakba,de,2010-04,8.0
119,Nakba,de,2009-11,1.0
120,Nakba,de,2009-09,2.0
121,Nakba,de,2009-08,2.0
122,Nakba,de,2009-07,27.0
123,Nakba,de,2009-06,1.0
124,Nakba,de,2009-05,2.0
125,Nakba,de,2009-04,1.0
126,Nakba,de,2009-03,1.0
127,Nakba,de,2008-12,3.0
128,Nakba,de,2008-11,1.0
129,Nakba,de,2008-10,4.0
130,Nakba,de,2008-09,2.0
131,Nakba,de,2008-08,4.0
132,Nakba,de,2008-06,17.0
133,Nakba,de,2008-05,5.0
134,Nakba,de,2008-03,1.0
135,Nakba,de,2007-11,1.0
136,Nakba,de,2007-10,3.0
137,Nakba,de,2007-08,2.0
138,Nakba,de,2007-06,4.0
139,Nakba,de,2007-05,8.0
140,Nakba,de,2007-04,1.0
141,Nakba,de,2006-10,2.0
142,Nakba,de,2006-08,1.0
143,Nakba,de,2006-07,1.0
144,Nakba,de,2006-06,1.0
145,Nakba,de,2006-03,3.0
146,Nakba,de,2006-01,1.0
147,Nakba,de,2005-08,2.0
148,Nakba,de,2005-07,1.0
149,Nakba,de,2005-06,1.0
150,Nakba,de,2005-01,2.0
151,Nakba,de,2004-11,3.0
152,Nakba,ar,2024-05,4.0
153,Nakba,ar,2024-04,1.0
154,Nakba,ar,2024-01,1.0
155,Nakba,ar,2023-12,4.0
156,Nakba,ar,2023-11,1.0
157,Nakba,ar,2023-10,2.0
158,Nakba,ar,2023-08,3.0
159,Nakba,ar,2023-06,2.0
160,Nakba,ar,2023-05,25.0
161,Nakba,ar,2023-01,4.0
162,Nakba,ar,2022-12,1.0
163,Nakba,ar,2022-07,5.0
164,Nakba,ar,2022-05,7.0
165,Nakba,ar,2022-04,2.0
166,Nakba,ar,2022-03,2.0
167,Nakba,ar,2022-02,2.0
168,Nakba,ar,2022-01,2.0
169,Nakba,ar,2021-12,1.0
170,Nakba,ar,2021-11,2.0
171,Nakba,ar,2021-07,2.0
172,Nakba,ar,2021-06,4.0
173,Nakba,ar,2021-05,7.0
174,Nakba,ar,2021-04,3.0
175,Nakba,ar,2021-02,2.0
176,Nakba,ar,2021-01,1.0
177,Nakba,ar,2020-12,2.0
178,Nakba,ar,2020-10,1.0
179,Nakba,ar,2020-07,3.0
180,Nakba,ar,2020-05,4.0
181,Nakba,ar,2020-04,1.0
182,Nakba,ar,2020-03,2.0
183,Nakba,ar,2020-02,1.0
184,Nakba,ar,2019-11,2.0
185,Nakba,ar,2019-09,3.0
186,Nakba,ar,2019-08,2.0
187,Nakba,ar,2019-01,3.0
188,Nakba,ar,2018-05,2.0
189,Nakba,ar,2018-04,3.0
190,Nakba,ar,2018-02,3.0
191,Nakba,ar,2018-01,1.0
192,Nakba,ar,2017-12,1.0
193,Nakba,ar,2017-10,1.0
194,Nakba,ar,2017-08,1.0
195,Nakba,ar,2017-02,1.0
196,Nakba,ar,2017-01,1.0
197,Nakba,ar,2016-11,2.0
198,Nakba,ar,2016-06,1.0
199,Nakba,ar,2016-05,5.0
200,Nakba,ar,2016-04,2.0
201,Nakba,ar,2016-03,2.0
202,Nakba,ar,2015-08,1.0
203,Nakba,ar,2015-06,1.0
204,Nakba,ar,2015-05,10.0
205,Nakba,ar,2015-03,2.0
206,Nakba,ar,2015-01,5.0
207,Nakba,ar,2014-11,4.0
208,Nakba,ar,2014-10,2.0
209,Nakba,ar,2014-06,2.0
210,Nakba,ar,2014-05,10.0
211,Nakba,ar,2014-04,2.0
212,Nakba,ar,2014-01,2.0
213,Nakba,ar,2013-12,1.0
214,Nakba,ar,2013-09,3.0
215,Nakba,ar,2013-06,1.0
216,Nakba,ar,2013-05,4.0
217,Nakba,ar,2013-02,1.0
218,Nakba,ar,2012-09,2.0
219,Nakba,ar,2012-08,1.0
220,Nakba,ar,2012-07,1.0
221,Nakba,ar,2012-06,1.0
222,Nakba,ar,2012-05,6.0
223,Nakba,ar,2012-04,2.0
224,Nakba,ar,2012-03,3.0
225,Nakba,ar,2012-02,3.0
226,Nakba,ar,2012-01,3.0
227,Mandatory_Palestine,en,2024-05,2.0
228,Mandatory_Palestine,en,2024-04,11.0
229,Mandatory_Palestine,en,2024-03,6.0
230,Mandatory_Palestine,en,2024-02,36.0
231,Mandatory_Palestine,en,2024-01,11.0
232,Mandatory_Palestine,en,2023-12,15.0
233,Mandatory_Palestine,en,2023-11,13.0
234,Mandatory_Palestine,en,2023-10,97.0
235,Mandatory_Palestine,en,2023-09,5.0
236,Mandatory_Palestine,en,2023-08,3.0
237,Mandatory_Palestine,en,2023-07,2.0
238,Mandatory_Palestine,en,2023-05,2.0
239,Mandatory_Palestine,en,2023-04,8.0
240,Mandatory_Palestine,en,2023-03,3.0
241,Mandatory_Palestine,en,2023-02,7.0
242,Mandatory_Palestine,en,2023-01,2.0
243,Mandatory_Palestine,en,2022-12,12.0
244,Mandatory_Palestine,en,2022-11,4.0
245,Mandatory_Palestine,en,2022-10,1.0
246,Mandatory_Palestine,en,2022-09,7.0
247,Mandatory_Palestine,en,2022-07,1.0
248,Mandatory_Palestine,en,2022-06,3.0
249,Mandatory_Palestine,en,2022-05,8.0
250,Mandatory_Palestine,en,2022-04,3.0
251,Mandatory_Palestine,en,2022-03,1.0
252,Mandatory_Palestine,en,2022-02,5.0
253,Mandatory_Palestine,en,2022-01,1.0
254,Mandatory_Palestine,en,2021-12,5.0
255,Mandatory_Palestine,en,2021-11,5.0
256,Mandatory_Palestine,en,2021-09,2.0
257,Mandatory_Palestine,en,2021-07,3.0
258,Mandatory_Palestine,en,2021-06,7.0
259,Mandatory_Palestine,en,2021-05,6.0
260,Mandatory_Palestine,en,2021-04,5.0
261,Mandatory_Palestine,en,2021-03,3.0
262,Mandatory_Palestine,en,2021-02,1.0
263,Mandatory_Palestine,en,2021-01,7.0
264,Mandatory_Palestine,en,2020-12,3.0
265,Mandatory_Palestine,en,2020-11,4.0
266,Mandatory_Palestine,en,2020-10,2.0
267,Mandatory_Palestine,en,2020-09,17.0
268,Mandatory_Palestine,en,2020-08,8.0
269,Mandatory_Palestine,en,2020-07,19.0
270,Mandatory_Palestine,en,2020-06,3.0
271,Mandatory_Palestine,en,2020-05,2.0
272,Mandatory_Palestine,en,2020-04,3.0
273,Mandatory_Palestine,en,2020-03,3.0
274,Mandatory_Palestine,en,2020-02,1.0
275,Mandatory_Palestine,en,2020-01,7.0
276,Mandatory_Palestine,en,2019-12,2.0
277,Mandatory_Palestine,en,2019-11,20.0
278,Mandatory_Palestine,en,2019-10,2.0
279,Mandatory_Palestine,en,2019-09,6.0
280,Mandatory_Palestine,en,2019-08,49.0
281,Mandatory_Palestine,en,2019-07,5.0
282,Mandatory_Palestine,en,2019-06,2.0
283,Mandatory_Palestine,en,2019-05,6.0
284,Mandatory_Palestine,en,2019-04,4.0
285,Mandatory_Palestine,en,2019-03,7.0
286,Mandatory_Palestine,en,2019-02,3.0
287,Mandatory_Palestine,en,2019-01,6.0
288,Mandatory_Palestine,en,2018-12,4.0
289,Mandatory_Palestine,en,2018-11,2.0
290,Mandatory_Palestine,en,2018-10,12.0
291,Mandatory_Palestine,en,2018-09,3.0
292,Mandatory_Palestine,en,2018-08,8.0
293,Mandatory_Palestine,en,2018-07,8.0
294,Mandatory_Palestine,en,2018-05,3.0
295,Mandatory_Palestine,en,2018-04,7.0
296,Mandatory_Palestine,en,2018-03,7.0
297,Mandatory_Palestine,en,2018-02,2.0
298,Mandatory_Palestine,en,2018-01,2.0
299,Mandatory_Palestine,en,2017-12,4.0
300,Mandatory_Palestine,en,2017-11,7.0
301,Mandatory_Palestine,en,2017-10,1.0
302,Mandatory_Palestine,en,2017-09,7.0
303,Mandatory_Palestine,en,2017-08,14.0
304,Mandatory_Palestine,en,2017-06,3.0
305,Mandatory_Palestine,en,2017-05,12.0
306,Mandatory_Palestine,en,2017-04,1.0
307,Mandatory_Palestine,en,2017-03,1.0
308,Mandatory_Palestine,en,2017-02,3.0
309,Mandatory_Palestine,en,2017-01,1.0
310,Mandatory_Palestine,en,2016-12,1.0
311,Mandatory_Palestine,en,2016-11,4.0
312,Mandatory_Palestine,en,2016-10,13.0
313,Mandatory_Palestine,en,2016-09,3.0
314,Mandatory_Palestine,en,2016-08,11.0
315,Mandatory_Palestine,en,2016-07,13.0
316,Mandatory_Palestine,en,2016-06,4.0
317,Mandatory_Palestine,en,2016-05,2.0
318,Mandatory_Palestine,en,2016-04,32.0
319,Mandatory_Palestine,en,2016-03,12.0
320,Mandatory_Palestine,en,2016-02,5.0
321,Mandatory_Palestine,en,2016-01,9.0
322,Mandatory_Palestine,en,2015-11,26.0
323,Mandatory_Palestine,en,2015-10,10.0
324,Mandatory_Palestine,en,2015-09,22.0
325,Mandatory_Palestine,en,2015-08,25.0
326,Mandatory_Palestine,en,2015-07,12.0
327,Mandatory_Palestine,en,2015-06,24.0
328,Mandatory_Palestine,en,2015-05,10.0
329,Mandatory_Palestine,en,2015-04,7.0
330,Mandatory_Palestine,en,2015-03,9.0
331,Mandatory_Palestine,en,2015-02,14.0
332,Mandatory_Palestine,en,2015-01,24.0
333,Mandatory_Palestine,en,2014-12,6.0
334,Mandatory_Palestine,en,2014-11,11.0
335,Mandatory_Palestine,en,2014-10,8.0
336,Mandatory_Palestine,en,2014-09,14.0
337,Mandatory_Palestine,en,2014-08,38.0
338,Mandatory_Palestine,en,2014-07,31.0
339,Mandatory_Palestine,en,2014-06,16.0
340,Mandatory_Palestine,en,2014-05,5.0
341,Mandatory_Palestine,en,2014-04,30.0
342,Mandatory_Palestine,en,2014-03,16.0
343,Mandatory_Palestine,en,2014-02,12.0
344,Mandatory_Palestine,en,2014-01,7.0
345,Mandatory_Palestine,en,2013-12,36.0
346,Mandatory_Palestine,en,2013-11,23.0
347,Mandatory_Palestine,en,2013-10,1.0
348,Mandatory_Palestine,en,2013-09,4.0
349,Mandatory_Palestine,en,2013-08,22.0
350,Mandatory_Palestine,en,2013-07,12.0
351,Mandatory_Palestine,en,2013-06,9.0
352,Mandatory_Palestine,en,2013-05,13.0
353,Mandatory_Palestine,en,2013-04,6.0
354,Mandatory_Palestine,en,2013-03,15.0
355,Mandatory_Palestine,en,2013-02,22.0
356,Mandatory_Palestine,en,2013-01,23.0
357,Mandatory_Palestine,en,2012-12,27.0
358,Mandatory_Palestine,en,2012-11,6.0
359,Mandatory_Palestine,en,2012-10,24.0
360,Mandatory_Palestine,en,2012-09,3.0
361,Mandatory_Palestine,en,2012-08,4.0
362,Mandatory_Palestine,en,2012-07,16.0
363,Mandatory_Palestine,en,2012-06,50.0
364,Mandatory_Palestine,en,2012-05,36.0
365,Mandatory_Palestine,en,2012-04,43.0
366,Mandatory_Palestine,en,2012-03,22.0
367,Mandatory_Palestine,en,2012-02,59.0
368,Mandatory_Palestine,en,2012-01,61.0
369,Mandatory_Palestine,en,2011-12,21.0
370,Mandatory_Palestine,en,2011-11,12.0
371,Mandatory_Palestine,en,2011-10,10.0
372,Mandatory_Palestine,en,2011-09,18.0
373,Mandatory_Palestine,en,2011-08,11.0
374,Mandatory_Palestine,en,2011-07,14.0
375,Mandatory_Palestine,en,2011-06,10.0
376,Mandatory_Palestine,en,2011-05,19.0
377,Mandatory_Palestine,en,2011-04,16.0
378,Mandatory_Palestine,en,2011-03,7.0
379,Mandatory_Palestine,en,2011-02,11.0
380,Mandatory_Palestine,en,2011-01,19.0
381,Mandatory_Palestine,en,2010-12,1.0
382,Mandatory_Palestine,en,2010-11,10.0
383,Mandatory_Palestine,en,2010-10,11.0
384,Mandatory_Palestine,en,2010-09,32.0
385,Mandatory_Palestine,en,2010-08,38.0
386,Mandatory_Palestine,en,2010-07,6.0
387,Mandatory_Palestine,en,2010-06,18.0
388,Mandatory_Palestine,en,2010-05,73.0
389,Mandatory_Palestine,en,2010-04,25.0
390,Mandatory_Palestine,en,2010-03,29.0
391,Mandatory_Palestine,en,2010-02,32.0
392,Mandatory_Palestine,en,2010-01,33.0
393,Mandatory_Palestine,en,2009-12,26.0
394,Mandatory_Palestine,en,2009-11,5.0
395,Mandatory_Palestine,en,2009-10,43.0
396,Mandatory_Palestine,en,2009-09,31.0
397,Mandatory_Palestine,en,2009-08,53.0
398,Mandatory_Palestine,en,2009-07,25.0
399,Mandatory_Palestine,en,2009-06,23.0
400,Mandatory_Palestine,en,2009-05,75.0
401,Mandatory_Palestine,en,2009-04,42.0
402,Mandatory_Palestine,en,2009-03,26.0
403,Mandatory_Palestine,en,2009-02,52.0
404,Mandatory_Palestine,en,2009-01,82.0
405,Mandatory_Palestine,en,2008-12,28.0
406,Mandatory_Palestine,en,2008-11,9.0
407,Mandatory_Palestine,en,2008-10,32.0
408,Mandatory_Palestine,en,2008-09,7.0
409,Mandatory_Palestine,en,2008-08,18.0
410,Mandatory_Palestine,en,2008-07,55.0
411,Mandatory_Palestine,en,2008-06,11.0
412,Mandatory_Palestine,en,2008-05,32.0
413,Mandatory_Palestine,en,2008-04,33.0
414,Mandatory_Palestine,en,2008-03,22.0
415,Mandatory_Palestine,en,2008-02,21.0
416,Mandatory_Palestine,en,2008-01,19.0
417,Mandatory_Palestine,en,2007-12,52.0
418,Mandatory_Palestine,en,2007-11,16.0
419,Mandatory_Palestine,en,2007-10,19.0
420,Mandatory_Palestine,en,2007-09,30.0
421,Mandatory_Palestine,en,2007-08,26.0
422,Mandatory_Palestine,en,2007-07,34.0
423,Mandatory_Palestine,en,2007-06,10.0
424,Mandatory_Palestine,en,2007-05,146.0
425,Mandatory_Palestine,en,2007-04,58.0
426,Mandatory_Palestine,en,2007-03,12.0
427,Mandatory_Palestine,en,2007-02,18.0
428,Mandatory_Palestine,en,2007-01,9.0
429,Mandatory_Palestine,en,2006-12,12.0
430,Mandatory_Palestine,de,,
431,Mandatory_Palestine,ar,,
432,1948_Arab-Israeli_War,en,2010-02,1.0
433,1948_Arab-Israeli_War,en,2008-09,1.0
434,1948_Arab-Israeli_War,de,,
435,1948_Arab-Israeli_War,ar,2016-06,1.0
436,1948_Arab-Israeli_War,ar,2016-05,1.0
437,1948_Arab-Israeli_War,ar,2009-09,1.0
438,David_Ben-Gurion,en,2024-05,1.0
439,David_Ben-Gurion,en,2024-04,4.0
440,David_Ben-Gurion,en,2024-03,12.0
441,David_Ben-Gurion,en,2024-02,2.0
442,David_Ben-Gurion,en,2024-01,3.0
443,David_Ben-Gurion,en,2023-12,7.0
444,David_Ben-Gurion,en,2023-11,6.0
445,David_Ben-Gurion,en,2023-10,17.0
446,David_Ben-Gurion,en,2023-09,4.0
447,David_Ben-Gurion,en,2023-08,13.0
448,David_Ben-Gurion,en,2023-07,5.0
449,David_Ben-Gurion,en,2023-06,2.0
450,David_Ben-Gurion,en,2023-05,29.0
451,David_Ben-Gurion,en,2023-04,4.0
452,David_Ben-Gurion,en,2023-03,10.0
453,David_Ben-Gurion,en,2023-02,14.0
454,David_Ben-Gurion,en,2023-01,11.0
455,David_Ben-Gurion,en,2022-12,8.0
456,David_Ben-Gurion,en,2022-11,1.0
457,David_Ben-Gurion,en,2022-10,10.0
458,David_Ben-Gurion,en,2022-09,4.0
459,David_Ben-Gurion,en,2022-08,8.0
460,David_Ben-Gurion,en,2022-07,6.0
461,David_Ben-Gurion,en,2022-06,3.0
462,David_Ben-Gurion,en,2022-05,5.0
463,David_Ben-Gurion,en,2022-04,4.0
464,David_Ben-Gurion,en,2022-03,1.0
465,David_Ben-Gurion,en,2022-02,3.0
466,David_Ben-Gurion,en,2022-01,1.0
467,David_Ben-Gurion,en,2021-12,1.0
468,David_Ben-Gurion,en,2021-11,3.0
469,David_Ben-Gurion,en,2021-10,6.0
470,David_Ben-Gurion,en,2021-09,23.0
471,David_Ben-Gurion,en,2021-08,4.0
472,David_Ben-Gurion,en,2021-07,1.0
473,David_Ben-Gurion,en,2021-06,11.0
474,David_Ben-Gurion,en,2021-05,1.0
475,David_Ben-Gurion,en,2021-04,9.0
476,David_Ben-Gurion,en,2021-03,9.0
477,David_Ben-Gurion,en,2021-02,4.0
478,David_Ben-Gurion,en,2021-01,65.0
479,David_Ben-Gurion,en,2020-12,4.0
480,David_Ben-Gurion,en,2020-11,5.0
481,David_Ben-Gurion,en,2020-10,1.0
482,David_Ben-Gurion,en,2020-09,6.0
483,David_Ben-Gurion,en,2020-08,3.0
484,David_Ben-Gurion,en,2020-06,7.0
485,David_Ben-Gurion,en,2020-05,2.0
486,David_Ben-Gurion,en,2020-03,3.0
487,David_Ben-Gurion,en,2020-02,4.0
488,David_Ben-Gurion,en,2019-11,9.0
489,David_Ben-Gurion,en,2019-10,3.0
490,David_Ben-Gurion,en,2019-09,7.0
491,David_Ben-Gurion,en,2019-07,8.0
492,David_Ben-Gurion,en,2019-06,13.0
493,David_Ben-Gurion,en,2019-05,5.0
494,David_Ben-Gurion,en,2019-04,1.0
495,David_Ben-Gurion,en,2019-03,3.0
496,David_Ben-Gurion,en,2019-02,1.0
497,David_Ben-Gurion,en,2019-01,4.0
498,David_Ben-Gurion,en,2018-10,1.0
499,David_Ben-Gurion,en,2018-09,5.0
500,David_Ben-Gurion,en,2018-08,4.0
501,David_Ben-Gurion,en,2018-07,3.0
502,David_Ben-Gurion,en,2018-06,2.0
503,David_Ben-Gurion,en,2018-05,2.0
504,David_Ben-Gurion,en,2018-04,1.0
505,David_Ben-Gurion,en,2018-03,7.0
506,David_Ben-Gurion,en,2018-02,2.0
507,David_Ben-Gurion,en,2018-01,1.0
508,David_Ben-Gurion,en,2017-12,1.0
509,David_Ben-Gurion,en,2017-11,4.0
510,David_Ben-Gurion,en,2017-09,2.0
511,David_Ben-Gurion,en,2017-08,1.0
512,David_Ben-Gurion,en,2017-07,2.0
513,David_Ben-Gurion,en,2017-06,3.0
514,David_Ben-Gurion,en,2017-05,6.0
515,David_Ben-Gurion,en,2017-04,18.0
516,David_Ben-Gurion,en,2017-03,2.0
517,David_Ben-Gurion,en,2017-02,2.0
518,David_Ben-Gurion,en,2017-01,3.0
519,David_Ben-Gurion,en,2016-12,12.0
520,David_Ben-Gurion,en,2016-11,6.0
521,David_Ben-Gurion,en,2016-10,5.0
522,David_Ben-Gurion,en,2016-09,7.0
523,David_Ben-Gurion,en,2016-08,5.0
524,David_Ben-Gurion,en,2016-07,7.0
525,David_Ben-Gurion,en,2016-06,5.0
526,David_Ben-Gurion,en,2016-05,11.0
527,David_Ben-Gurion,en,2016-04,6.0
528,David_Ben-Gurion,en,2016-03,1.0
529,David_Ben-Gurion,en,2016-02,2.0
530,David_Ben-Gurion,en,2016-01,10.0
531,David_Ben-Gurion,en,2015-12,5.0
532,David_Ben-Gurion,en,2015-11,22.0
533,David_Ben-Gurion,en,2015-10,25.0
534,David_Ben-Gurion,en,2015-09,7.0
535,David_Ben-Gurion,en,2015-08,11.0
536,David_Ben-Gurion,en,2015-07,61.0
537,David_Ben-Gurion,en,2015-06,16.0
538,David_Ben-Gurion,en,2015-05,24.0
539,David_Ben-Gurion,en,2015-04,3.0
540,David_Ben-Gurion,en,2015-03,7.0
541,David_Ben-Gurion,en,2015-02,5.0
542,David_Ben-Gurion,en,2015-01,12.0
543,David_Ben-Gurion,en,2014-12,6.0
544,David_Ben-Gurion,en,2014-11,5.0
545,David_Ben-Gurion,en,2014-10,14.0
546,David_Ben-Gurion,en,2014-09,12.0
547,David_Ben-Gurion,en,2014-08,20.0
548,David_Ben-Gurion,en,2014-07,14.0
549,David_Ben-Gurion,en,2014-06,4.0
550,David_Ben-Gurion,en,2014-05,3.0
551,David_Ben-Gurion,en,2014-04,12.0
552,David_Ben-Gurion,en,2014-03,5.0
553,David_Ben-Gurion,en,2014-02,8.0
554,David_Ben-Gurion,en,2014-01,16.0
555,David_Ben-Gurion,en,2013-12,14.0
556,David_Ben-Gurion,en,2013-11,2.0
557,David_Ben-Gurion,en,2013-10,2.0
558,David_Ben-Gurion,en,2013-09,1.0
559,David_Ben-Gurion,en,2013-08,13.0
560,David_Ben-Gurion,en,2013-07,6.0
561,David_Ben-Gurion,en,2013-06,1.0
562,David_Ben-Gurion,en,2013-05,19.0
563,David_Ben-Gurion,en,2013-04,20.0
564,David_Ben-Gurion,en,2013-03,8.0
565,David_Ben-Gurion,en,2013-02,13.0
566,David_Ben-Gurion,en,2013-01,20.0
567,David_Ben-Gurion,en,2012-12,6.0
568,David_Ben-Gurion,en,2012-11,15.0
569,David_Ben-Gurion,en,2012-10,3.0
570,David_Ben-Gurion,en,2012-09,17.0
571,David_Ben-Gurion,en,2012-08,5.0
572,David_Ben-Gurion,en,2012-07,4.0
573,David_Ben-Gurion,en,2012-06,20.0
574,David_Ben-Gurion,en,2012-05,17.0
575,David_Ben-Gurion,en,2012-04,8.0
576,David_Ben-Gurion,en,2012-03,24.0
577,David_Ben-Gurion,en,2012-02,13.0
578,David_Ben-Gurion,en,2012-01,10.0
579,David_Ben-Gurion,en,2011-12,21.0
580,David_Ben-Gurion,en,2011-11,26.0
581,David_Ben-Gurion,en,2011-10,7.0
582,David_Ben-Gurion,en,2011-09,18.0
583,David_Ben-Gurion,en,2011-08,22.0
584,David_Ben-Gurion,en,2011-07,19.0
585,David_Ben-Gurion,en,2011-06,16.0
586,David_Ben-Gurion,en,2011-05,8.0
587,David_Ben-Gurion,en,2011-04,5.0
588,David_Ben-Gurion,en,2011-03,17.0
589,David_Ben-Gurion,en,2011-02,11.0
590,David_Ben-Gurion,en,2011-01,13.0
591,David_Ben-Gurion,en,2010-12,26.0
592,David_Ben-Gurion,en,2010-11,12.0
593,David_Ben-Gurion,en,2010-10,18.0
594,David_Ben-Gurion,en,2010-09,11.0
595,David_Ben-Gurion,en,2010-08,16.0
596,David_Ben-Gurion,en,2010-07,6.0
597,David_Ben-Gurion,en,2010-06,10.0
598,David_Ben-Gurion,en,2010-05,22.0
599,David_Ben-Gurion,en,2010-04,12.0
600,David_Ben-Gurion,en,2010-03,13.0
601,David_Ben-Gurion,en,2010-02,22.0
602,David_Ben-Gurion,en,2010-01,8.0
603,David_Ben-Gurion,en,2009-12,22.0
604,David_Ben-Gurion,en,2009-11,17.0
605,David_Ben-Gurion,en,2009-10,27.0
606,David_Ben-Gurion,en,2009-09,15.0
607,David_Ben-Gurion,en,2009-08,4.0
608,David_Ben-Gurion,en,2009-07,9.0
609,David_Ben-Gurion,en,2009-06,12.0
610,David_Ben-Gurion,en,2009-05,38.0
611,David_Ben-Gurion,en,2009-04,28.0
612,David_Ben-Gurion,en,2009-03,15.0
613,David_Ben-Gurion,en,2009-02,16.0
614,David_Ben-Gurion,en,2009-01,26.0
615,David_Ben-Gurion,en,2008-12,21.0
616,David_Ben-Gurion,en,2008-11,14.0
617,David_Ben-Gurion,en,2008-10,16.0
618,David_Ben-Gurion,en,2008-09,31.0
619,David_Ben-Gurion,en,2008-08,10.0
620,David_Ben-Gurion,en,2008-07,9.0
621,David_Ben-Gurion,en,2008-06,25.0
622,David_Ben-Gurion,en,2008-05,41.0
623,David_Ben-Gurion,en,2008-04,21.0
624,David_Ben-Gurion,en,2008-03,23.0
625,David_Ben-Gurion,en,2008-02,24.0
626,David_Ben-Gurion,en,2008-01,13.0
627,David_Ben-Gurion,en,2007-12,39.0
628,David_Ben-Gurion,en,2007-11,68.0
629,David_Ben-Gurion,en,2007-10,25.0
630,David_Ben-Gurion,en,2007-09,17.0
631,David_Ben-Gurion,en,2007-08,6.0
632,David_Ben-Gurion,en,2007-07,15.0
633,David_Ben-Gurion,en,2007-06,36.0
634,David_Ben-Gurion,en,2007-05,32.0
635,David_Ben-Gurion,en,2007-04,30.0
636,David_Ben-Gurion,en,2007-03,31.0
637,David_Ben-Gurion,en,2007-02,13.0
638,David_Ben-Gurion,en,2007-01,9.0
639,David_Ben-Gurion,en,2006-12,12.0
640,David_Ben-Gurion,de,,
641,David_Ben-Gurion,ar,,
642,Yasser_Arafat,en,2024-04,6.0
643,Yasser_Arafat,en,2024-03,2.0
644,Yasser_Arafat,en,2024-02,12.0
645,Yasser_Arafat,en,2024-01,5.0
646,Yasser_Arafat,en,2023-12,3.0
647,Yasser_Arafat,en,2023-11,21.0
648,Yasser_Arafat,en,2023-10,14.0
649,Yasser_Arafat,en,2023-09,7.0
650,Yasser_Arafat,en,2023-08,4.0
651,Yasser_Arafat,en,2023-07,1.0
652,Yasser_Arafat,en,2023-06,9.0
653,Yasser_Arafat,en,2023-05,2.0
654,Yasser_Arafat,en,2023-04,1.0
655,Yasser_Arafat,en,2023-03,1.0
656,Yasser_Arafat,en,2023-02,4.0
657,Yasser_Arafat,en,2023-01,6.0
658,Yasser_Arafat,en,2022-12,3.0
659,Yasser_Arafat,en,2022-11,4.0
660,Yasser_Arafat,en,2022-10,3.0
661,Yasser_Arafat,en,2022-09,5.0
662,Yasser_Arafat,en,2022-08,6.0
663,Yasser_Arafat,en,2022-07,4.0
664,Yasser_Arafat,en,2022-06,4.0
665,Yasser_Arafat,en,2022-05,7.0
666,Yasser_Arafat,en,2022-04,1.0
667,Yasser_Arafat,en,2022-03,5.0
668,Yasser_Arafat,en,2022-02,2.0
669,Yasser_Arafat,en,2022-01,3.0
670,Yasser_Arafat,en,2021-12,3.0
671,Yasser_Arafat,en,2021-11,4.0
672,Yasser_Arafat,en,2021-10,5.0
673,Yasser_Arafat,en,2021-09,1.0
674,Yasser_Arafat,en,2021-08,2.0
675,Yasser_Arafat,en,2021-07,3.0
676,Yasser_Arafat,en,2021-06,5.0
677,Yasser_Arafat,en,2021-05,7.0
678,Yasser_Arafat,en,2021-04,4.0
679,Yasser_Arafat,en,2021-03,2.0
680,Yasser_Arafat,en,2021-02,12.0
681,Yasser_Arafat,en,2021-01,6.0
682,Yasser_Arafat,en,2020-12,3.0
683,Yasser_Arafat,en,2020-11,4.0
684,Yasser_Arafat,en,2020-10,11.0
685,Yasser_Arafat,en,2020-09,4.0
686,Yasser_Arafat,en,2020-08,3.0
687,Yasser_Arafat,en,2020-07,2.0
688,Yasser_Arafat,en,2020-06,1.0
689,Yasser_Arafat,en,2020-05,1.0
690,Yasser_Arafat,en,2020-03,4.0
691,Yasser_Arafat,en,2020-02,2.0
692,Yasser_Arafat,en,2020-01,1.0
693,Yasser_Arafat,en,2019-12,4.0
694,Yasser_Arafat,en,2019-11,1.0
695,Yasser_Arafat,en,2019-10,1.0
696,Yasser_Arafat,en,2019-09,3.0
697,Yasser_Arafat,en,2019-08,4.0
698,Yasser_Arafat,en,2019-07,6.0
699,Yasser_Arafat,en,2019-06,3.0
700,Yasser_Arafat,en,2019-05,6.0
701,Yasser_Arafat,en,2019-04,6.0
702,Yasser_Arafat,en,2019-03,4.0
703,Yasser_Arafat,en,2019-02,5.0
704,Yasser_Arafat,en,2019-01,4.0
705,Yasser_Arafat,en,2018-12,2.0
706,Yasser_Arafat,en,2018-11,1.0
707,Yasser_Arafat,en,2018-10,1.0
708,Yasser_Arafat,en,2018-08,6.0
709,Yasser_Arafat,en,2018-07,8.0
710,Yasser_Arafat,en,2018-06,3.0
711,Yasser_Arafat,en,2018-05,3.0
712,Yasser_Arafat,en,2018-04,2.0
713,Yasser_Arafat,en,2018-03,6.0
714,Yasser_Arafat,en,2018-01,9.0
715,Yasser_Arafat,en,2017-12,3.0
716,Yasser_Arafat,en,2017-10,3.0
717,Yasser_Arafat,en,2017-09,3.0
718,Yasser_Arafat,en,2017-07,4.0
719,Yasser_Arafat,en,2017-06,2.0
720,Yasser_Arafat,en,2017-05,2.0
721,Yasser_Arafat,en,2017-04,2.0
722,Yasser_Arafat,en,2017-03,15.0
723,Yasser_Arafat,en,2017-02,4.0
724,Yasser_Arafat,en,2017-01,4.0
725,Yasser_Arafat,en,2016-12,8.0
726,Yasser_Arafat,en,2016-11,3.0
727,Yasser_Arafat,en,2016-10,4.0
728,Yasser_Arafat,en,2016-09,3.0
729,Yasser_Arafat,en,2016-08,11.0
730,Yasser_Arafat,en,2016-06,2.0
731,Yasser_Arafat,en,2016-05,1.0
732,Yasser_Arafat,en,2016-04,1.0
733,Yasser_Arafat,en,2016-03,10.0
734,Yasser_Arafat,en,2016-02,1.0
735,Yasser_Arafat,en,2016-01,3.0
736,Yasser_Arafat,en,2015-12,17.0
737,Yasser_Arafat,en,2015-11,11.0
738,Yasser_Arafat,en,2015-10,15.0
739,Yasser_Arafat,en,2015-09,12.0
740,Yasser_Arafat,en,2015-08,1.0
741,Yasser_Arafat,en,2015-07,5.0
742,Yasser_Arafat,en,2015-06,2.0
743,Yasser_Arafat,en,2015-05,2.0
744,Yasser_Arafat,en,2015-04,1.0
745,Yasser_Arafat,en,2015-03,1.0
746,Yasser_Arafat,en,2015-02,5.0
747,Yasser_Arafat,en,2015-01,4.0
748,Yasser_Arafat,en,2014-12,4.0
749,Yasser_Arafat,en,2014-11,7.0
750,Yasser_Arafat,en,2014-10,11.0
751,Yasser_Arafat,en,2014-09,7.0
752,Yasser_Arafat,en,2014-08,6.0
753,Yasser_Arafat,en,2014-07,7.0
754,Yasser_Arafat,en,2014-06,2.0
755,Yasser_Arafat,en,2014-05,16.0
756,Yasser_Arafat,en,2014-04,1.0
757,Yasser_Arafat,en,2014-03,2.0
758,Yasser_Arafat,en,2014-02,4.0
759,Yasser_Arafat,en,2014-01,10.0
760,Yasser_Arafat,en,2013-12,13.0
761,Yasser_Arafat,en,2013-11,48.0
762,Yasser_Arafat,en,2013-10,16.0
763,Yasser_Arafat,en,2013-09,7.0
764,Yasser_Arafat,en,2013-08,9.0
765,Yasser_Arafat,en,2013-06,11.0
766,Yasser_Arafat,en,2013-05,1.0
767,Yasser_Arafat,en,2013-04,1.0
768,Yasser_Arafat,en,2013-03,5.0
769,Yasser_Arafat,en,2013-02,4.0
770,Yasser_Arafat,en,2013-01,2.0
771,Yasser_Arafat,en,2012-12,1.0
772,Yasser_Arafat,en,2012-11,27.0
773,Yasser_Arafat,en,2012-10,3.0
774,Yasser_Arafat,en,2012-09,2.0
775,Yasser_Arafat,en,2012-08,41.0
776,Yasser_Arafat,en,2012-07,119.0
777,Yasser_Arafat,en,2012-06,4.0
778,Yasser_Arafat,en,2012-05,4.0
779,Yasser_Arafat,en,2012-04,4.0
780,Yasser_Arafat,en,2012-03,11.0
781,Yasser_Arafat,en,2012-02,2.0
782,Yasser_Arafat,en,2012-01,3.0
783,Yasser_Arafat,en,2011-12,7.0
784,Yasser_Arafat,en,2011-11,4.0
785,Yasser_Arafat,en,2011-10,8.0
786,Yasser_Arafat,en,2011-09,10.0
787,Yasser_Arafat,en,2011-08,6.0
788,Yasser_Arafat,en,2011-07,3.0
789,Yasser_Arafat,en,2011-06,7.0
790,Yasser_Arafat,en,2011-05,27.0
791,Yasser_Arafat,en,2011-04,19.0
792,Yasser_Arafat,en,2011-03,38.0
793,Yasser_Arafat,en,2011-02,27.0
794,Yasser_Arafat,en,2011-01,65.0
795,Yasser_Arafat,en,2010-12,15.0
796,Yasser_Arafat,en,2010-11,46.0
797,Yasser_Arafat,en,2010-10,27.0
798,Yasser_Arafat,en,2010-09,30.0
799,Yasser_Arafat,en,2010-08,18.0
800,Yasser_Arafat,en,2010-07,12.0
801,Yasser_Arafat,en,2010-06,32.0
802,Yasser_Arafat,en,2010-05,33.0
803,Yasser_Arafat,en,2010-04,19.0
804,Yasser_Arafat,en,2010-03,25.0
805,Yasser_Arafat,en,2010-02,22.0
806,Yasser_Arafat,en,2010-01,29.0
807,Yasser_Arafat,en,2009-12,25.0
808,Yasser_Arafat,en,2009-11,47.0
809,Yasser_Arafat,en,2009-10,28.0
810,Yasser_Arafat,en,2009-09,13.0
811,Yasser_Arafat,en,2009-08,24.0
812,Yasser_Arafat,en,2009-07,34.0
813,Yasser_Arafat,en,2009-06,27.0
814,Yasser_Arafat,en,2009-05,40.0
815,Yasser_Arafat,en,2009-04,53.0
816,Yasser_Arafat,en,2009-03,47.0
817,Yasser_Arafat,en,2009-02,38.0
818,Yasser_Arafat,en,2009-01,66.0
819,Yasser_Arafat,en,2008-12,38.0
820,Yasser_Arafat,en,2008-11,36.0
821,Yasser_Arafat,en,2008-10,35.0
822,Yasser_Arafat,en,2008-09,42.0
823,Yasser_Arafat,en,2008-08,42.0
824,Yasser_Arafat,en,2008-07,37.0
825,Yasser_Arafat,en,2008-06,38.0
826,Yasser_Arafat,en,2008-05,26.0
827,Yasser_Arafat,en,2008-04,89.0
828,Yasser_Arafat,en,2008-03,80.0
829,Yasser_Arafat,en,2008-02,97.0
830,Yasser_Arafat,en,2008-01,68.0
831,Yasser_Arafat,en,2007-12,352.0
832,Yasser_Arafat,en,2007-11,177.0
833,Yasser_Arafat,en,2007-10,225.0
834,Yasser_Arafat,en,2007-09,161.0
835,Yasser_Arafat,en,2007-08,81.0
836,Yasser_Arafat,en,2007-07,138.0
837,Yasser_Arafat,en,2007-06,129.0
838,Yasser_Arafat,en,2007-05,88.0
839,Yasser_Arafat,en,2007-04,62.0
840,Yasser_Arafat,en,2007-03,43.0
841,Yasser_Arafat,en,2007-02,65.0
842,Yasser_Arafat,en,2007-01,100.0
843,Yasser_Arafat,en,2006-12,17.0
844,Yasser_Arafat,de,,
845,Yasser_Arafat,ar,,
846,Six-Day_War,en,2024-05,4.0
847,Six-Day_War,en,2024-04,7.0
848,Six-Day_War,en,2024-03,5.0
849,Six-Day_War,en,2024-02,2.0
850,Six-Day_War,en,2024-01,6.0
851,Six-Day_War,en,2023-12,9.0
852,Six-Day_War,en,2023-11,29.0
853,Six-Day_War,en,2023-10,26.0
854,Six-Day_War,en,2023-09,5.0
855,Six-Day_War,en,2023-08,3.0
856,Six-Day_War,en,2023-07,9.0
857,Six-Day_War,en,2023-06,7.0
858,Six-Day_War,en,2023-05,5.0
859,Six-Day_War,en,2023-04,2.0
860,Six-Day_War,en,2023-03,5.0
861,Six-Day_War,en,2023-02,4.0
862,Six-Day_War,en,2023-01,21.0
863,Six-Day_War,en,2022-12,1.0
864,Six-Day_War,en,2022-11,3.0
865,Six-Day_War,en,2022-10,11.0
866,Six-Day_War,en,2022-09,8.0
867,Six-Day_War,en,2022-08,7.0
868,Six-Day_War,en,2022-07,2.0
869,Six-Day_War,en,2022-06,26.0
870,Six-Day_War,en,2022-05,19.0
871,Six-Day_War,en,2022-04,2.0
872,Six-Day_War,en,2022-03,5.0
873,Six-Day_War,en,2022-02,2.0
874,Six-Day_War,en,2022-01,10.0
875,Six-Day_War,en,2021-12,32.0
876,Six-Day_War,en,2021-11,21.0
877,Six-Day_War,en,2021-10,3.0
878,Six-Day_War,en,2021-09,5.0
879,Six-Day_War,en,2021-08,3.0
880,Six-Day_War,en,2021-07,11.0
881,Six-Day_War,en,2021-06,10.0
882,Six-Day_War,en,2021-05,12.0
883,Six-Day_War,en,2021-04,4.0
884,Six-Day_War,en,2021-03,7.0
885,Six-Day_War,en,2021-02,5.0
886,Six-Day_War,en,2021-01,22.0
887,Six-Day_War,en,2020-12,6.0
888,Six-Day_War,en,2020-11,18.0
889,Six-Day_War,en,2020-10,6.0
890,Six-Day_War,en,2020-09,7.0
891,Six-Day_War,en,2020-08,12.0
892,Six-Day_War,en,2020-07,1.0
893,Six-Day_War,en,2020-06,3.0
894,Six-Day_War,en,2020-05,8.0
895,Six-Day_War,en,2020-04,21.0
896,Six-Day_War,en,2020-03,2.0
897,Six-Day_War,en,2020-02,3.0
898,Six-Day_War,en,2020-01,5.0
899,Six-Day_War,en,2019-12,4.0
900,Six-Day_War,en,2019-11,9.0
901,Six-Day_War,en,2019-10,3.0
902,Six-Day_War,en,2019-09,12.0
903,Six-Day_War,en,2019-08,5.0
904,Six-Day_War,en,2019-07,5.0
905,Six-Day_War,en,2019-06,5.0
906,Six-Day_War,en,2019-05,6.0
907,Six-Day_War,en,2019-04,4.0
908,Six-Day_War,en,2019-03,5.0
909,Six-Day_War,en,2019-02,5.0
910,Six-Day_War,en,2019-01,6.0
911,Six-Day_War,en,2018-12,19.0
912,Six-Day_War,en,2018-11,27.0
913,Six-Day_War,en,2018-10,2.0
914,Six-Day_War,en,2018-09,2.0
915,Six-Day_War,en,2018-08,6.0
916,Six-Day_War,en,2018-07,5.0
917,Six-Day_War,en,2018-06,5.0
918,Six-Day_War,en,2018-05,20.0
919,Six-Day_War,en,2018-04,18.0
920,Six-Day_War,en,2018-03,4.0
921,Six-Day_War,en,2018-02,8.0
922,Six-Day_War,en,2018-01,23.0
923,Six-Day_War,en,2017-12,6.0
924,Six-Day_War,en,2017-11,2.0
925,Six-Day_War,en,2017-10,5.0
926,Six-Day_War,en,2017-09,1.0
927,Six-Day_War,en,2017-08,5.0
928,Six-Day_War,en,2017-07,6.0
929,Six-Day_War,en,2017-06,19.0
930,Six-Day_War,en,2017-05,18.0
931,Six-Day_War,en,2017-04,4.0
932,Six-Day_War,en,2017-03,3.0
933,Six-Day_War,en,2017-02,1.0
934,Six-Day_War,en,2017-01,2.0
935,Six-Day_War,en,2016-12,12.0
936,Six-Day_War,en,2016-11,10.0
937,Six-Day_War,en,2016-10,2.0
938,Six-Day_War,en,2016-09,2.0
939,Six-Day_War,en,2016-08,9.0
940,Six-Day_War,en,2016-07,1.0
941,Six-Day_War,en,2016-06,3.0
942,Six-Day_War,en,2016-05,2.0
943,Six-Day_War,en,2016-03,17.0
944,Six-Day_War,en,2016-02,11.0
945,Six-Day_War,en,2016-01,6.0
946,Six-Day_War,en,2015-12,11.0
947,Six-Day_War,en,2015-11,1.0
948,Six-Day_War,en,2015-10,10.0
949,Six-Day_War,en,2015-09,11.0
950,Six-Day_War,en,2015-08,7.0
951,Six-Day_War,en,2015-07,14.0
952,Six-Day_War,en,2015-06,19.0
953,Six-Day_War,en,2015-05,8.0
954,Six-Day_War,en,2015-04,7.0
955,Six-Day_War,en,2015-03,12.0
956,Six-Day_War,en,2015-02,16.0
957,Six-Day_War,en,2015-01,52.0
958,Six-Day_War,en,2014-12,6.0
959,Six-Day_War,en,2014-11,46.0
960,Six-Day_War,en,2014-10,53.0
961,Six-Day_War,en,2014-09,20.0
962,Six-Day_War,en,2014-08,13.0
963,Six-Day_War,en,2014-07,43.0
964,Six-Day_War,en,2014-06,2.0
965,Six-Day_War,en,2014-05,74.0
966,Six-Day_War,en,2014-04,5.0
967,Six-Day_War,en,2014-03,10.0
968,Six-Day_War,en,2014-02,33.0
969,Six-Day_War,en,2014-01,6.0
970,Six-Day_War,en,2013-12,13.0
971,Six-Day_War,en,2013-11,23.0
972,Six-Day_War,en,2013-10,6.0
973,Six-Day_War,en,2013-09,44.0
974,Six-Day_War,en,2013-08,41.0
975,Six-Day_War,en,2013-07,9.0
976,Six-Day_War,en,2013-06,26.0
977,Six-Day_War,en,2013-05,10.0
978,Six-Day_War,en,2013-03,4.0
979,Six-Day_War,en,2013-02,17.0
980,Six-Day_War,en,2013-01,5.0
981,Six-Day_War,en,2012-12,8.0
982,Six-Day_War,en,2012-11,22.0
983,Six-Day_War,en,2012-10,19.0
984,Six-Day_War,en,2012-09,3.0
985,Six-Day_War,en,2012-08,25.0
986,Six-Day_War,en,2012-07,67.0
987,Six-Day_War,en,2012-06,48.0
988,Six-Day_War,en,2012-05,28.0
989,Six-Day_War,en,2012-04,14.0
990,Six-Day_War,en,2012-03,24.0
991,Six-Day_War,en,2012-02,37.0
992,Six-Day_War,en,2012-01,31.0
993,Six-Day_War,en,2011-12,6.0
994,Six-Day_War,en,2011-11,3.0
995,Six-Day_War,en,2011-10,6.0
996,Six-Day_War,en,2011-09,10.0
997,Six-Day_War,en,2011-08,5.0
998,Six-Day_War,en,2011-07,9.0
999,Six-Day_War,en,2011-06,28.0
1000,Six-Day_War,en,2011-05,27.0
1001,Six-Day_War,en,2011-04,15.0
1002,Six-Day_War,en,2011-03,10.0
1003,Six-Day_War,en,2011-02,25.0
1004,Six-Day_War,en,2011-01,16.0
1005,Six-Day_War,en,2010-12,41.0
1006,Six-Day_War,en,2010-11,27.0
1007,Six-Day_War,en,2010-10,72.0
1008,Six-Day_War,en,2010-09,18.0
1009,Six-Day_War,en,2010-08,189.0
1010,Six-Day_War,en,2010-07,225.0
1011,Six-Day_War,en,2010-06,111.0
1012,Six-Day_War,en,2010-05,76.0
1013,Six-Day_War,en,2010-04,41.0
1014,Six-Day_War,en,2010-03,87.0
1015,Six-Day_War,en,2010-02,47.0
1016,Six-Day_War,en,2010-01,61.0
1017,Six-Day_War,en,2009-12,37.0
1018,Six-Day_War,en,2009-11,30.0
1019,Six-Day_War,en,2009-10,61.0
1020,Six-Day_War,en,2009-09,25.0
1021,Six-Day_War,en,2009-08,23.0
1022,Six-Day_War,en,2009-07,29.0
1023,Six-Day_War,en,2009-06,65.0
1024,Six-Day_War,en,2009-05,67.0
1025,Six-Day_War,en,2009-04,48.0
1026,Six-Day_War,en,2009-03,55.0
1027,Six-Day_War,en,2009-02,171.0
1028,Six-Day_War,en,2009-01,68.0
1029,Six-Day_War,en,2008-12,52.0
1030,Six-Day_War,en,2008-11,75.0
1031,Six-Day_War,en,2008-10,48.0
1032,Six-Day_War,en,2008-09,20.0
1033,Six-Day_War,en,2008-08,51.0
1034,Six-Day_War,en,2008-07,48.0
1035,Six-Day_War,en,2008-06,102.0
1036,Six-Day_War,en,2008-05,71.0
1037,Six-Day_War,en,2008-04,24.0
1038,Six-Day_War,en,2008-03,93.0
1039,Six-Day_War,en,2008-02,48.0
1040,Six-Day_War,en,2008-01,109.0
1041,Six-Day_War,en,2007-12,60.0
1042,Six-Day_War,en,2007-11,91.0
1043,Six-Day_War,en,2007-10,60.0
1044,Six-Day_War,en,2007-09,36.0
1045,Six-Day_War,en,2007-08,35.0
1046,Six-Day_War,en,2007-07,50.0
1047,Six-Day_War,en,2007-06,41.0
1048,Six-Day_War,en,2007-05,99.0
1049,Six-Day_War,en,2007-04,154.0
1050,Six-Day_War,en,2007-03,80.0
1051,Six-Day_War,en,2007-02,43.0
1052,Six-Day_War,en,2007-01,37.0
1053,Six-Day_War,en,2006-12,9.0
1054,Six-Day_War,de,2024-04,2.0
1055,Six-Day_War,de,2024-03,1.0
1056,Six-Day_War,de,2024-01,2.0
1057,Six-Day_War,de,2023-12,3.0
1058,Six-Day_War,de,2023-11,11.0
1059,Six-Day_War,de,2023-10,9.0
1060,Six-Day_War,de,2023-09,8.0
1061,Six-Day_War,de,2023-07,1.0
1062,Six-Day_War,de,2023-05,2.0
1063,Six-Day_War,de,2023-03,3.0
1064,Six-Day_War,de,2022-12,5.0
1065,Six-Day_War,de,2022-09,1.0
1066,Six-Day_War,de,2022-08,5.0
1067,Six-Day_War,de,2022-06,1.0
1068,Six-Day_War,de,2022-05,2.0
1069,Six-Day_War,de,2021-12,2.0
1070,Six-Day_War,de,2021-09,3.0
1071,Six-Day_War,de,2021-08,1.0
1072,Six-Day_War,de,2021-07,2.0
1073,Six-Day_War,de,2021-06,2.0
1074,Six-Day_War,de,2021-05,5.0
1075,Six-Day_War,de,2021-03,2.0
1076,Six-Day_War,de,2021-01,2.0
1077,Six-Day_War,de,2020-12,1.0
1078,Six-Day_War,de,2020-10,5.0
1079,Six-Day_War,de,2020-09,1.0
1080,Six-Day_War,de,2020-08,3.0
1081,Six-Day_War,de,2020-07,7.0
1082,Six-Day_War,de,2020-06,4.0
1083,Six-Day_War,de,2020-05,2.0
1084,Six-Day_War,de,2020-04,3.0
1085,Six-Day_War,de,2020-03,4.0
1086,Six-Day_War,de,2020-01,2.0
1087,Six-Day_War,de,2019-12,1.0
1088,Six-Day_War,de,2019-11,2.0
1089,Six-Day_War,de,2019-10,1.0
1090,Six-Day_War,de,2019-09,2.0
1091,Six-Day_War,de,2019-08,2.0
1092,Six-Day_War,de,2019-06,5.0
1093,Six-Day_War,de,2019-05,7.0
1094,Six-Day_War,de,2019-04,1.0
1095,Six-Day_War,de,2019-03,9.0
1096,Six-Day_War,de,2019-02,2.0
1097,Six-Day_War,de,2019-01,2.0
1098,Six-Day_War,de,2018-12,2.0
1099,Six-Day_War,de,2018-11,1.0
1100,Six-Day_War,de,2018-10,2.0
1101,Six-Day_War,de,2018-09,7.0
1102,Six-Day_War,de,2018-08,5.0
1103,Six-Day_War,de,2018-07,7.0
1104,Six-Day_War,de,2018-06,6.0
1105,Six-Day_War,de,2018-05,1.0
1106,Six-Day_War,de,2018-04,2.0
1107,Six-Day_War,de,2018-03,4.0
1108,Six-Day_War,de,2018-02,3.0
1109,Six-Day_War,de,2018-01,4.0
1110,Six-Day_War,de,2017-12,2.0
1111,Six-Day_War,de,2017-11,10.0
1112,Six-Day_War,de,2017-10,1.0
1113,Six-Day_War,de,2017-09,4.0
1114,Six-Day_War,de,2017-08,5.0
1115,Six-Day_War,de,2017-07,6.0
1116,Six-Day_War,de,2017-06,14.0
1117,Six-Day_War,de,2017-05,2.0
1118,Six-Day_War,de,2017-04,2.0
1119,Six-Day_War,de,2017-03,1.0
1120,Six-Day_War,de,2017-02,4.0
1121,Six-Day_War,de,2016-12,4.0
1122,Six-Day_War,de,2016-11,4.0
1123,Six-Day_War,de,2016-10,3.0
1124,Six-Day_War,de,2016-07,1.0
1125,Six-Day_War,de,2016-05,2.0
1126,Six-Day_War,de,2016-04,4.0
1127,Six-Day_War,de,2016-03,15.0
1128,Six-Day_War,de,2016-02,2.0
1129,Six-Day_War,de,2016-01,8.0
1130,Six-Day_War,de,2015-12,3.0
1131,Six-Day_War,de,2015-11,7.0
1132,Six-Day_War,de,2015-10,6.0
1133,Six-Day_War,de,2015-09,6.0
1134,Six-Day_War,de,2015-08,3.0
1135,Six-Day_War,de,2015-07,25.0
1136,Six-Day_War,de,2015-06,11.0
1137,Six-Day_War,de,2015-05,6.0
1138,Six-Day_War,de,2015-03,2.0
1139,Six-Day_War,de,2015-02,1.0
1140,Six-Day_War,de,2015-01,5.0
1141,Six-Day_War,de,2014-12,2.0
1142,Six-Day_War,de,2014-11,5.0
1143,Six-Day_War,de,2014-10,1.0
1144,Six-Day_War,de,2014-09,4.0
1145,Six-Day_War,de,2014-08,6.0
1146,Six-Day_War,de,2014-07,4.0
1147,Six-Day_War,de,2014-06,1.0
1148,Six-Day_War,de,2014-05,1.0
1149,Six-Day_War,de,2014-02,4.0
1150,Six-Day_War,de,2014-01,6.0
1151,Six-Day_War,de,2013-11,3.0
1152,Six-Day_War,de,2013-10,4.0
1153,Six-Day_War,de,2013-08,1.0
1154,Six-Day_War,de,2013-07,1.0
1155,Six-Day_War,de,2013-06,2.0
1156,Six-Day_War,de,2013-05,5.0
1157,Six-Day_War,de,2013-04,2.0
1158,Six-Day_War,de,2013-03,1.0
1159,Six-Day_War,de,2013-02,6.0
1160,Six-Day_War,de,2013-01,7.0
1161,Six-Day_War,de,2012-12,7.0
1162,Six-Day_War,de,2012-11,6.0
1163,Six-Day_War,de,2012-10,3.0
1164,Six-Day_War,de,2012-09,8.0
1165,Six-Day_War,de,2012-08,3.0
1166,Six-Day_War,de,2012-07,2.0
1167,Six-Day_War,de,2012-06,12.0
1168,Six-Day_War,de,2012-05,1.0
1169,Six-Day_War,de,2012-04,7.0
1170,Six-Day_War,de,2012-03,3.0
1171,Six-Day_War,de,2012-02,4.0
1172,Six-Day_War,de,2012-01,9.0
1173,Six-Day_War,de,2011-12,12.0
1174,Six-Day_War,de,2011-11,11.0
1175,Six-Day_War,de,2011-10,3.0
1176,Six-Day_War,de,2011-09,11.0
1177,Six-Day_War,de,2011-08,4.0
1178,Six-Day_War,de,2011-07,15.0
1179,Six-Day_War,de,2011-06,7.0
1180,Six-Day_War,de,2011-05,7.0
1181,Six-Day_War,de,2011-04,10.0
1182,Six-Day_War,de,2011-03,1.0
1183,Six-Day_War,de,2011-02,12.0
1184,Six-Day_War,de,2011-01,9.0
1185,Six-Day_War,de,2010-12,10.0
1186,Six-Day_War,de,2010-11,3.0
1187,Six-Day_War,de,2010-10,6.0
1188,Six-Day_War,de,2010-09,3.0
1189,Six-Day_War,de,2010-08,5.0
1190,Six-Day_War,de,2010-07,5.0
1191,Six-Day_War,de,2010-06,8.0
1192,Six-Day_War,de,2010-05,1.0
1193,Six-Day_War,de,2010-04,12.0
1194,Six-Day_War,de,2010-03,4.0
1195,Six-Day_War,de,2010-02,7.0
1196,Six-Day_War,de,2010-01,3.0
1197,Six-Day_War,de,2009-12,3.0
1198,Six-Day_War,de,2009-11,23.0
1199,Six-Day_War,de,2009-10,11.0
1200,Six-Day_War,de,2009-08,10.0
1201,Six-Day_War,de,2009-07,13.0
1202,Six-Day_War,de,2009-06,4.0
1203,Six-Day_War,de,2009-05,3.0
1204,Six-Day_War,de,2009-04,9.0
1205,Six-Day_War,de,2009-03,20.0
1206,Six-Day_War,de,2009-02,6.0
1207,Six-Day_War,de,2009-01,34.0
1208,Six-Day_War,de,2008-12,8.0
1209,Six-Day_War,de,2008-11,14.0
1210,Six-Day_War,de,2008-10,13.0
1211,Six-Day_War,de,2008-09,12.0
1212,Six-Day_War,de,2008-08,5.0
1213,Six-Day_War,de,2008-07,2.0
1214,Six-Day_War,de,2008-06,4.0
1215,Six-Day_War,de,2008-05,9.0
1216,Six-Day_War,de,2008-04,9.0
1217,Six-Day_War,de,2008-03,11.0
1218,Six-Day_War,de,2008-02,23.0
1219,Six-Day_War,de,2008-01,10.0
1220,Six-Day_War,de,2007-12,6.0
1221,Six-Day_War,de,2007-11,14.0
1222,Six-Day_War,de,2007-10,3.0
1223,Six-Day_War,de,2007-09,2.0
1224,Six-Day_War,de,2007-08,10.0
1225,Six-Day_War,de,2007-07,13.0
1226,Six-Day_War,de,2007-06,33.0
1227,Six-Day_War,de,2007-05,15.0
1228,Six-Day_War,de,2007-04,3.0
1229,Six-Day_War,de,2007-03,17.0
1230,Six-Day_War,de,2007-02,15.0
1231,Six-Day_War,de,2007-01,9.0
1232,Six-Day_War,de,2006-12,10.0
1233,Six-Day_War,ar,,
1234,Yom_Kippur_War,en,2024-05,7.0
1235,Yom_Kippur_War,en,2024-04,8.0
1236,Yom_Kippur_War,en,2024-03,6.0
1237,Yom_Kippur_War,en,2024-02,3.0
1238,Yom_Kippur_War,en,2024-01,9.0
1239,Yom_Kippur_War,en,2023-12,7.0
1240,Yom_Kippur_War,en,2023-11,11.0
1241,Yom_Kippur_War,en,2023-10,75.0
1242,Yom_Kippur_War,en,2023-09,12.0
1243,Yom_Kippur_War,en,2023-08,5.0
1244,Yom_Kippur_War,en,2023-07,27.0
1245,Yom_Kippur_War,en,2023-06,9.0
1246,Yom_Kippur_War,en,2023-05,7.0
1247,Yom_Kippur_War,en,2023-04,9.0
1248,Yom_Kippur_War,en,2023-03,7.0
1249,Yom_Kippur_War,en,2023-02,11.0
1250,Yom_Kippur_War,en,2023-01,9.0
1251,Yom_Kippur_War,en,2022-12,5.0
1252,Yom_Kippur_War,en,2022-10,46.0
1253,Yom_Kippur_War,en,2022-09,6.0
1254,Yom_Kippur_War,en,2022-08,1.0
1255,Yom_Kippur_War,en,2022-07,45.0
1256,Yom_Kippur_War,en,2022-06,25.0
1257,Yom_Kippur_War,en,2022-05,7.0
1258,Yom_Kippur_War,en,2022-04,3.0
1259,Yom_Kippur_War,en,2022-03,4.0
1260,Yom_Kippur_War,en,2022-02,5.0
1261,Yom_Kippur_War,en,2022-01,11.0
1262,Yom_Kippur_War,en,2021-12,7.0
1263,Yom_Kippur_War,en,2021-11,12.0
1264,Yom_Kippur_War,en,2021-10,5.0
1265,Yom_Kippur_War,en,2021-09,14.0
1266,Yom_Kippur_War,en,2021-08,5.0
1267,Yom_Kippur_War,en,2021-07,17.0
1268,Yom_Kippur_War,en,2021-06,7.0
1269,Yom_Kippur_War,en,2021-05,8.0
1270,Yom_Kippur_War,en,2021-04,10.0
1271,Yom_Kippur_War,en,2021-03,13.0
1272,Yom_Kippur_War,en,2021-02,4.0
1273,Yom_Kippur_War,en,2021-01,7.0
1274,Yom_Kippur_War,en,2020-12,2.0
1275,Yom_Kippur_War,en,2020-11,7.0
1276,Yom_Kippur_War,en,2020-10,9.0
1277,Yom_Kippur_War,en,2020-09,8.0
1278,Yom_Kippur_War,en,2020-08,5.0
1279,Yom_Kippur_War,en,2020-07,12.0
1280,Yom_Kippur_War,en,2020-06,6.0
1281,Yom_Kippur_War,en,2020-05,8.0
1282,Yom_Kippur_War,en,2020-04,15.0
1283,Yom_Kippur_War,en,2020-03,2.0
1284,Yom_Kippur_War,en,2020-02,8.0
1285,Yom_Kippur_War,en,2019-11,3.0
1286,Yom_Kippur_War,en,2019-10,4.0
1287,Yom_Kippur_War,en,2019-09,4.0
1288,Yom_Kippur_War,en,2019-08,6.0
1289,Yom_Kippur_War,en,2019-07,8.0
1290,Yom_Kippur_War,en,2019-06,3.0
1291,Yom_Kippur_War,en,2019-04,6.0
1292,Yom_Kippur_War,en,2019-03,3.0
1293,Yom_Kippur_War,en,2019-01,4.0
1294,Yom_Kippur_War,en,2018-12,6.0
1295,Yom_Kippur_War,en,2018-11,3.0
1296,Yom_Kippur_War,en,2018-10,5.0
1297,Yom_Kippur_War,en,2018-09,15.0
1298,Yom_Kippur_War,en,2018-08,73.0
1299,Yom_Kippur_War,en,2018-07,16.0
1300,Yom_Kippur_War,en,2018-06,32.0
1301,Yom_Kippur_War,en,2018-05,6.0
1302,Yom_Kippur_War,en,2018-04,4.0
1303,Yom_Kippur_War,en,2018-03,7.0
1304,Yom_Kippur_War,en,2018-02,3.0
1305,Yom_Kippur_War,en,2018-01,5.0
1306,Yom_Kippur_War,en,2017-12,3.0
1307,Yom_Kippur_War,en,2017-11,5.0
1308,Yom_Kippur_War,en,2017-10,23.0
1309,Yom_Kippur_War,en,2017-09,2.0
1310,Yom_Kippur_War,en,2017-08,10.0
1311,Yom_Kippur_War,en,2017-07,10.0
1312,Yom_Kippur_War,en,2017-06,8.0
1313,Yom_Kippur_War,en,2017-05,7.0
1314,Yom_Kippur_War,en,2017-04,2.0
1315,Yom_Kippur_War,en,2017-03,12.0
1316,Yom_Kippur_War,en,2017-02,6.0
1317,Yom_Kippur_War,en,2017-01,7.0
1318,Yom_Kippur_War,en,2016-12,8.0
1319,Yom_Kippur_War,en,2016-11,4.0
1320,Yom_Kippur_War,en,2016-10,7.0
1321,Yom_Kippur_War,en,2016-08,6.0
1322,Yom_Kippur_War,en,2016-07,11.0
1323,Yom_Kippur_War,en,2016-06,2.0
1324,Yom_Kippur_War,en,2016-05,12.0
1325,Yom_Kippur_War,en,2016-04,8.0
1326,Yom_Kippur_War,en,2016-03,4.0
1327,Yom_Kippur_War,en,2016-02,4.0
1328,Yom_Kippur_War,en,2016-01,8.0
1329,Yom_Kippur_War,en,2015-12,27.0
1330,Yom_Kippur_War,en,2015-11,19.0
1331,Yom_Kippur_War,en,2015-10,13.0
1332,Yom_Kippur_War,en,2015-09,34.0
1333,Yom_Kippur_War,en,2015-08,21.0
1334,Yom_Kippur_War,en,2015-07,7.0
1335,Yom_Kippur_War,en,2015-06,46.0
1336,Yom_Kippur_War,en,2015-05,36.0
1337,Yom_Kippur_War,en,2015-04,39.0
1338,Yom_Kippur_War,en,2015-03,13.0
1339,Yom_Kippur_War,en,2015-01,25.0
1340,Yom_Kippur_War,en,2014-12,30.0
1341,Yom_Kippur_War,en,2014-11,15.0
1342,Yom_Kippur_War,en,2014-10,54.0
1343,Yom_Kippur_War,en,2014-09,14.0
1344,Yom_Kippur_War,en,2014-08,15.0
1345,Yom_Kippur_War,en,2014-07,14.0
1346,Yom_Kippur_War,en,2014-06,12.0
1347,Yom_Kippur_War,en,2014-05,36.0
1348,Yom_Kippur_War,en,2014-04,27.0
1349,Yom_Kippur_War,en,2014-03,13.0
1350,Yom_Kippur_War,en,2014-02,30.0
1351,Yom_Kippur_War,en,2014-01,30.0
1352,Yom_Kippur_War,en,2013-12,33.0
1353,Yom_Kippur_War,en,2013-11,20.0
1354,Yom_Kippur_War,en,2013-10,28.0
1355,Yom_Kippur_War,en,2013-09,19.0
1356,Yom_Kippur_War,en,2013-08,2.0
1357,Yom_Kippur_War,en,2013-07,10.0
1358,Yom_Kippur_War,en,2013-06,21.0
1359,Yom_Kippur_War,en,2013-05,16.0
1360,Yom_Kippur_War,en,2013-04,11.0
1361,Yom_Kippur_War,en,2013-03,3.0
1362,Yom_Kippur_War,en,2013-02,30.0
1363,Yom_Kippur_War,en,2013-01,7.0
1364,Yom_Kippur_War,en,2012-12,25.0
1365,Yom_Kippur_War,en,2012-11,10.0
1366,Yom_Kippur_War,en,2012-10,11.0
1367,Yom_Kippur_War,en,2012-09,22.0
1368,Yom_Kippur_War,en,2012-08,16.0
1369,Yom_Kippur_War,en,2012-07,16.0
1370,Yom_Kippur_War,en,2012-06,8.0
1371,Yom_Kippur_War,en,2012-05,15.0
1372,Yom_Kippur_War,en,2012-04,19.0
1373,Yom_Kippur_War,en,2012-03,41.0
1374,Yom_Kippur_War,en,2012-02,86.0
1375,Yom_Kippur_War,en,2012-01,45.0
1376,Yom_Kippur_War,en,2011-12,21.0
1377,Yom_Kippur_War,en,2011-11,37.0
1378,Yom_Kippur_War,en,2011-10,23.0
1379,Yom_Kippur_War,en,2011-09,40.0
1380,Yom_Kippur_War,en,2011-08,30.0
1381,Yom_Kippur_War,en,2011-07,12.0
1382,Yom_Kippur_War,en,2011-06,21.0
1383,Yom_Kippur_War,en,2011-05,8.0
1384,Yom_Kippur_War,en,2011-04,12.0
1385,Yom_Kippur_War,en,2011-03,6.0
1386,Yom_Kippur_War,en,2011-02,29.0
1387,Yom_Kippur_War,en,2011-01,12.0
1388,Yom_Kippur_War,en,2010-12,21.0
1389,Yom_Kippur_War,en,2010-11,111.0
1390,Yom_Kippur_War,en,2010-10,189.0
1391,Yom_Kippur_War,en,2010-09,102.0
1392,Yom_Kippur_War,en,2010-08,67.0
1393,Yom_Kippur_War,en,2010-07,64.0
1394,Yom_Kippur_War,en,2010-06,55.0
1395,Yom_Kippur_War,en,2010-05,89.0
1396,Yom_Kippur_War,en,2010-04,78.0
1397,Yom_Kippur_War,en,2010-03,133.0
1398,Yom_Kippur_War,en,2010-02,87.0
1399,Yom_Kippur_War,en,2010-01,127.0
1400,Yom_Kippur_War,en,2009-12,46.0
1401,Yom_Kippur_War,en,2009-11,35.0
1402,Yom_Kippur_War,en,2009-10,45.0
1403,Yom_Kippur_War,en,2009-09,47.0
1404,Yom_Kippur_War,en,2009-08,47.0
1405,Yom_Kippur_War,en,2009-07,13.0
1406,Yom_Kippur_War,en,2009-06,27.0
1407,Yom_Kippur_War,en,2009-05,18.0
1408,Yom_Kippur_War,en,2009-04,21.0
1409,Yom_Kippur_War,en,2009-03,27.0
1410,Yom_Kippur_War,en,2009-02,94.0
1411,Yom_Kippur_War,en,2009-01,116.0
1412,Yom_Kippur_War,en,2008-12,28.0
1413,Yom_Kippur_War,en,2008-11,11.0
1414,Yom_Kippur_War,en,2008-10,96.0
1415,Yom_Kippur_War,en,2008-09,13.0
1416,Yom_Kippur_War,en,2008-08,28.0
1417,Yom_Kippur_War,en,2008-07,68.0
1418,Yom_Kippur_War,en,2008-06,11.0
1419,Yom_Kippur_War,en,2008-05,3.0
1420,Yom_Kippur_War,en,2008-04,29.0
1421,Yom_Kippur_War,en,2008-03,58.0
1422,Yom_Kippur_War,en,2008-02,27.0
1423,Yom_Kippur_War,en,2008-01,39.0
1424,Yom_Kippur_War,en,2007-12,47.0
1425,Yom_Kippur_War,en,2007-11,29.0
1426,Yom_Kippur_War,en,2007-10,45.0
1427,Yom_Kippur_War,en,2007-09,18.0
1428,Yom_Kippur_War,en,2007-08,47.0
1429,Yom_Kippur_War,en,2007-07,62.0
1430,Yom_Kippur_War,en,2007-06,76.0
1431,Yom_Kippur_War,en,2007-05,74.0
1432,Yom_Kippur_War,en,2007-04,109.0
1433,Yom_Kippur_War,en,2007-03,62.0
1434,Yom_Kippur_War,en,2007-02,66.0
1435,Yom_Kippur_War,en,2007-01,36.0
1436,Yom_Kippur_War,en,2006-12,8.0
1437,Yom_Kippur_War,de,2024-04,4.0
1438,Yom_Kippur_War,de,2024-02,1.0
1439,Yom_Kippur_War,de,2024-01,6.0
1440,Yom_Kippur_War,de,2023-12,4.0
1441,Yom_Kippur_War,de,2023-11,12.0
1442,Yom_Kippur_War,de,2023-10,42.0
1443,Yom_Kippur_War,de,2023-08,1.0
1444,Yom_Kippur_War,de,2023-06,2.0
1445,Yom_Kippur_War,de,2023-02,1.0
1446,Yom_Kippur_War,de,2023-01,1.0
1447,Yom_Kippur_War,de,2022-09,4.0
1448,Yom_Kippur_War,de,2022-08,1.0
1449,Yom_Kippur_War,de,2022-04,1.0
1450,Yom_Kippur_War,de,2022-03,1.0
1451,Yom_Kippur_War,de,2021-11,3.0
1452,Yom_Kippur_War,de,2021-09,2.0
1453,Yom_Kippur_War,de,2021-08,2.0
1454,Yom_Kippur_War,de,2021-03,1.0
1455,Yom_Kippur_War,de,2020-12,1.0
1456,Yom_Kippur_War,de,2020-10,1.0
1457,Yom_Kippur_War,de,2020-08,6.0
1458,Yom_Kippur_War,de,2020-05,5.0
1459,Yom_Kippur_War,de,2020-02,1.0
1460,Yom_Kippur_War,de,2019-12,1.0
1461,Yom_Kippur_War,de,2019-10,3.0
1462,Yom_Kippur_War,de,2019-08,1.0
1463,Yom_Kippur_War,de,2019-07,4.0
1464,Yom_Kippur_War,de,2019-06,1.0
1465,Yom_Kippur_War,de,2019-05,2.0
1466,Yom_Kippur_War,de,2019-04,2.0
1467,Yom_Kippur_War,de,2019-01,1.0
1468,Yom_Kippur_War,de,2018-12,3.0
1469,Yom_Kippur_War,de,2018-10,4.0
1470,Yom_Kippur_War,de,2018-09,3.0
1471,Yom_Kippur_War,de,2018-08,4.0
1472,Yom_Kippur_War,de,2018-07,2.0
1473,Yom_Kippur_War,de,2018-06,5.0
1474,Yom_Kippur_War,de,2018-05,3.0
1475,Yom_Kippur_War,de,2018-03,2.0
1476,Yom_Kippur_War,de,2017-10,2.0
1477,Yom_Kippur_War,de,2017-09,3.0
1478,Yom_Kippur_War,de,2017-07,5.0
1479,Yom_Kippur_War,de,2017-06,4.0
1480,Yom_Kippur_War,de,2017-04,3.0
1481,Yom_Kippur_War,de,2017-03,2.0
1482,Yom_Kippur_War,de,2017-01,2.0
1483,Yom_Kippur_War,de,2016-12,1.0
1484,Yom_Kippur_War,de,2016-10,6.0
1485,Yom_Kippur_War,de,2016-08,1.0
1486,Yom_Kippur_War,de,2016-07,1.0
1487,Yom_Kippur_War,de,2016-04,1.0
1488,Yom_Kippur_War,de,2016-03,3.0
1489,Yom_Kippur_War,de,2015-12,8.0
1490,Yom_Kippur_War,de,2015-11,2.0
1491,Yom_Kippur_War,de,2015-09,2.0
1492,Yom_Kippur_War,de,2015-06,1.0
1493,Yom_Kippur_War,de,2015-04,2.0
1494,Yom_Kippur_War,de,2015-01,3.0
1495,Yom_Kippur_War,de,2014-12,1.0
1496,Yom_Kippur_War,de,2014-11,8.0
1497,Yom_Kippur_War,de,2014-10,1.0
1498,Yom_Kippur_War,de,2014-08,1.0
1499,Yom_Kippur_War,de,2014-07,7.0
1500,Yom_Kippur_War,de,2014-06,6.0
1501,Yom_Kippur_War,de,2014-05,1.0
1502,Yom_Kippur_War,de,2014-04,1.0
1503,Yom_Kippur_War,de,2014-03,2.0
1504,Yom_Kippur_War,de,2014-01,2.0
1505,Yom_Kippur_War,de,2013-12,1.0
1506,Yom_Kippur_War,de,2013-11,4.0
1507,Yom_Kippur_War,de,2013-10,14.0
1508,Yom_Kippur_War,de,2013-09,9.0
1509,Yom_Kippur_War,de,2013-08,2.0
1510,Yom_Kippur_War,de,2013-06,4.0
1511,Yom_Kippur_War,de,2013-05,6.0
1512,Yom_Kippur_War,de,2013-04,5.0
1513,Yom_Kippur_War,de,2013-03,1.0
1514,Yom_Kippur_War,de,2013-02,2.0
1515,Yom_Kippur_War,de,2013-01,8.0
1516,Yom_Kippur_War,de,2012-12,2.0
1517,Yom_Kippur_War,de,2012-11,12.0
1518,Yom_Kippur_War,de,2012-10,4.0
1519,Yom_Kippur_War,de,2012-09,6.0
1520,Yom_Kippur_War,de,2012-08,5.0
1521,Yom_Kippur_War,de,2012-07,10.0
1522,Yom_Kippur_War,de,2012-06,8.0
1523,Yom_Kippur_War,de,2012-05,5.0
1524,Yom_Kippur_War,de,2012-03,2.0
1525,Yom_Kippur_War,de,2012-02,8.0
1526,Yom_Kippur_War,de,2012-01,6.0
1527,Yom_Kippur_War,de,2011-12,7.0
1528,Yom_Kippur_War,de,2011-11,3.0
1529,Yom_Kippur_War,de,2011-10,4.0
1530,Yom_Kippur_War,de,2011-09,1.0
1531,Yom_Kippur_War,de,2011-08,3.0
1532,Yom_Kippur_War,de,2011-07,6.0
1533,Yom_Kippur_War,de,2011-06,5.0
1534,Yom_Kippur_War,de,2011-05,2.0
1535,Yom_Kippur_War,de,2011-04,6.0
1536,Yom_Kippur_War,de,2011-03,2.0
1537,Yom_Kippur_War,de,2011-02,9.0
1538,Yom_Kippur_War,de,2011-01,10.0
1539,Yom_Kippur_War,de,2010-12,3.0
1540,Yom_Kippur_War,de,2010-11,1.0
1541,Yom_Kippur_War,de,2010-10,7.0
1542,Yom_Kippur_War,de,2010-09,7.0
1543,Yom_Kippur_War,de,2010-08,12.0
1544,Yom_Kippur_War,de,2010-07,1.0
1545,Yom_Kippur_War,de,2010-06,5.0
1546,Yom_Kippur_War,de,2010-05,5.0
1547,Yom_Kippur_War,de,2010-04,2.0
1548,Yom_Kippur_War,de,2010-03,7.0
1549,Yom_Kippur_War,de,2010-02,2.0
1550,Yom_Kippur_War,de,2010-01,5.0
1551,Yom_Kippur_War,de,2009-12,2.0
1552,Yom_Kippur_War,de,2009-11,6.0
1553,Yom_Kippur_War,de,2009-10,3.0
1554,Yom_Kippur_War,de,2009-09,1.0
1555,Yom_Kippur_War,de,2009-08,4.0
1556,Yom_Kippur_War,de,2009-07,4.0
1557,Yom_Kippur_War,de,2009-06,3.0
1558,Yom_Kippur_War,de,2009-05,4.0
1559,Yom_Kippur_War,de,2009-04,4.0
1560,Yom_Kippur_War,de,2009-03,5.0
1561,Yom_Kippur_War,de,2009-02,8.0
1562,Yom_Kippur_War,de,2009-01,12.0
1563,Yom_Kippur_War,de,2008-12,2.0
1564,Yom_Kippur_War,de,2008-11,1.0
1565,Yom_Kippur_War,de,2008-10,18.0
1566,Yom_Kippur_War,de,2008-09,1.0
1567,Yom_Kippur_War,de,2008-08,1.0
1568,Yom_Kippur_War,de,2008-07,4.0
1569,Yom_Kippur_War,de,2008-05,4.0
1570,Yom_Kippur_War,de,2008-04,3.0
1571,Yom_Kippur_War,de,2008-03,1.0
1572,Yom_Kippur_War,de,2008-02,21.0
1573,Yom_Kippur_War,de,2008-01,2.0
1574,Yom_Kippur_War,de,2007-12,1.0
1575,Yom_Kippur_War,de,2007-11,6.0
1576,Yom_Kippur_War,de,2007-09,3.0
1577,Yom_Kippur_War,de,2007-08,4.0
1578,Yom_Kippur_War,de,2007-07,9.0
1579,Yom_Kippur_War,de,2007-06,12.0
1580,Yom_Kippur_War,de,2007-05,7.0
1581,Yom_Kippur_War,de,2007-04,2.0
1582,Yom_Kippur_War,de,2007-03,4.0
1583,Yom_Kippur_War,de,2007-02,15.0
1584,Yom_Kippur_War,de,2007-01,3.0
1585,Yom_Kippur_War,de,2006-12,7.0
1586,Yom_Kippur_War,de,2006-11,7.0
1587,Yom_Kippur_War,de,2006-10,1.0
1588,Yom_Kippur_War,ar,,
1589,Hummus,en,2024-05,1.0
1590,Hummus,en,2024-04,1.0
1591,Hummus,en,2024-02,2.0
1592,Hummus,en,2024-01,7.0
1593,Hummus,en,2023-12,9.0
1594,Hummus,en,2023-11,1.0
1595,Hummus,en,2023-10,1.0
1596,Hummus,en,2023-09,2.0
1597,Hummus,en,2023-08,1.0
1598,Hummus,en,2023-07,2.0
1599,Hummus,en,2023-06,6.0
1600,Hummus,en,2023-05,8.0
1601,Hummus,en,2023-03,2.0
1602,Hummus,en,2023-02,1.0
1603,Hummus,en,2023-01,1.0
1604,Hummus,en,2022-12,1.0
1605,Hummus,en,2022-11,6.0
1606,Hummus,en,2022-10,3.0
1607,Hummus,en,2022-09,3.0
1608,Hummus,en,2022-08,1.0
1609,Hummus,en,2022-07,3.0
1610,Hummus,en,2022-06,2.0
1611,Hummus,en,2022-02,8.0
1612,Hummus,en,2022-01,4.0
1613,Hummus,en,2021-12,9.0
1614,Hummus,en,2021-11,14.0
1615,Hummus,en,2021-08,3.0
1616,Hummus,en,2021-07,2.0
1617,Hummus,en,2021-06,4.0
1618,Hummus,en,2021-05,1.0
1619,Hummus,en,2021-01,63.0
1620,Hummus,en,2020-12,3.0
1621,Hummus,en,2020-11,3.0
1622,Hummus,en,2020-10,10.0
1623,Hummus,en,2020-09,5.0
1624,Hummus,en,2020-08,9.0
1625,Hummus,en,2020-07,2.0
1626,Hummus,en,2020-06,8.0
1627,Hummus,en,2020-03,3.0
1628,Hummus,en,2020-02,4.0
1629,Hummus,en,2020-01,2.0
1630,Hummus,en,2019-12,2.0
1631,Hummus,en,2019-11,8.0
1632,Hummus,en,2019-09,5.0
1633,Hummus,en,2019-08,2.0
1634,Hummus,en,2019-07,3.0
1635,Hummus,en,2019-06,12.0
1636,Hummus,en,2019-04,3.0
1637,Hummus,en,2019-03,4.0
1638,Hummus,en,2019-02,1.0
1639,Hummus,en,2019-01,17.0
1640,Hummus,en,2018-11,2.0
1641,Hummus,en,2018-10,2.0
1642,Hummus,en,2018-09,1.0
1643,Hummus,en,2018-08,6.0
1644,Hummus,en,2018-07,2.0
1645,Hummus,en,2018-05,1.0
1646,Hummus,en,2018-04,6.0
1647,Hummus,en,2018-03,2.0
1648,Hummus,en,2018-02,6.0
1649,Hummus,en,2018-01,14.0
1650,Hummus,en,2017-12,11.0
1651,Hummus,en,2017-11,11.0
1652,Hummus,en,2017-10,11.0
1653,Hummus,en,2017-09,6.0
1654,Hummus,en,2017-08,4.0
1655,Hummus,en,2017-07,1.0
1656,Hummus,en,2017-06,9.0
1657,Hummus,en,2017-05,2.0
1658,Hummus,en,2017-04,15.0
1659,Hummus,en,2017-02,2.0
1660,Hummus,en,2017-01,3.0
1661,Hummus,en,2016-12,11.0
1662,Hummus,en,2016-11,4.0
1663,Hummus,en,2016-10,3.0
1664,Hummus,en,2016-09,6.0
1665,Hummus,en,2016-08,3.0
1666,Hummus,en,2016-07,2.0
1667,Hummus,en,2016-06,12.0
1668,Hummus,en,2016-05,25.0
1669,Hummus,en,2016-04,3.0
1670,Hummus,en,2016-03,6.0
1671,Hummus,en,2016-02,11.0
1672,Hummus,en,2016-01,1.0
1673,Hummus,en,2015-12,4.0
1674,Hummus,en,2015-11,8.0
1675,Hummus,en,2015-10,2.0
1676,Hummus,en,2015-09,3.0
1677,Hummus,en,2015-08,4.0
1678,Hummus,en,2015-07,10.0
1679,Hummus,en,2015-06,3.0
1680,Hummus,en,2015-05,13.0
1681,Hummus,en,2015-03,2.0
1682,Hummus,en,2015-02,2.0
1683,Hummus,en,2015-01,2.0
1684,Hummus,en,2014-09,1.0
1685,Hummus,en,2014-08,5.0
1686,Hummus,en,2014-07,1.0
1687,Hummus,en,2014-06,7.0
1688,Hummus,en,2014-05,1.0
1689,Hummus,en,2014-04,5.0
1690,Hummus,en,2014-03,1.0
1691,Hummus,en,2014-02,5.0
1692,Hummus,en,2014-01,4.0
1693,Hummus,en,2013-12,5.0
1694,Hummus,en,2013-11,2.0
1695,Hummus,en,2013-10,2.0
1696,Hummus,en,2013-09,1.0
1697,Hummus,en,2013-08,7.0
1698,Hummus,en,2013-07,3.0
1699,Hummus,en,2013-06,5.0
1700,Hummus,en,2013-04,3.0
1701,Hummus,en,2013-03,2.0
1702,Hummus,en,2013-02,4.0
1703,Hummus,en,2013-01,5.0
1704,Hummus,en,2012-11,4.0
1705,Hummus,en,2012-09,11.0
1706,Hummus,en,2012-08,11.0
1707,Hummus,en,2012-07,27.0
1708,Hummus,en,2012-06,13.0
1709,Hummus,en,2012-05,26.0
1710,Hummus,en,2012-04,53.0
1711,Hummus,en,2012-03,21.0
1712,Hummus,en,2012-02,22.0
1713,Hummus,en,2012-01,24.0
1714,Hummus,en,2011-12,3.0
1715,Hummus,en,2011-11,4.0
1716,Hummus,en,2011-10,3.0
1717,Hummus,en,2011-09,4.0
1718,Hummus,en,2011-08,3.0
1719,Hummus,en,2011-06,4.0
1720,Hummus,en,2011-05,3.0
1721,Hummus,en,2011-04,7.0
1722,Hummus,en,2011-03,1.0
1723,Hummus,en,2011-02,1.0
1724,Hummus,en,2011-01,35.0
1725,Hummus,en,2010-12,30.0
1726,Hummus,en,2010-11,31.0
1727,Hummus,en,2010-10,17.0
1728,Hummus,en,2010-09,47.0
1729,Hummus,en,2010-08,3.0
1730,Hummus,en,2010-07,7.0
1731,Hummus,en,2010-06,10.0
1732,Hummus,en,2010-05,22.0
1733,Hummus,en,2010-04,64.0
1734,Hummus,en,2010-03,48.0
1735,Hummus,en,2010-02,54.0
1736,Hummus,en,2010-01,69.0
1737,Hummus,en,2009-12,22.0
1738,Hummus,en,2009-11,53.0
1739,Hummus,en,2009-10,58.0
1740,Hummus,en,2009-09,5.0
1741,Hummus,en,2009-08,13.0
1742,Hummus,en,2009-07,22.0
1743,Hummus,en,2009-06,23.0
1744,Hummus,en,2009-05,24.0
1745,Hummus,en,2009-04,62.0
1746,Hummus,en,2009-03,43.0
1747,Hummus,en,2009-02,43.0
1748,Hummus,en,2009-01,31.0
1749,Hummus,en,2008-12,67.0
1750,Hummus,en,2008-11,91.0
1751,Hummus,en,2008-10,90.0
1752,Hummus,en,2008-09,69.0
1753,Hummus,en,2008-08,17.0
1754,Hummus,en,2008-07,33.0
1755,Hummus,en,2008-06,66.0
1756,Hummus,en,2008-05,86.0
1757,Hummus,en,2008-04,84.0
1758,Hummus,en,2008-03,86.0
1759,Hummus,en,2008-02,86.0
1760,Hummus,en,2008-01,19.0
1761,Hummus,en,2007-12,27.0
1762,Hummus,en,2007-11,33.0
1763,Hummus,en,2007-10,35.0
1764,Hummus,en,2007-09,22.0
1765,Hummus,en,2007-08,28.0
1766,Hummus,en,2007-07,37.0
1767,Hummus,en,2007-06,14.0
1768,Hummus,en,2007-05,33.0
1769,Hummus,en,2007-04,41.0
1770,Hummus,en,2007-03,20.0
1771,Hummus,en,2007-02,28.0
1772,Hummus,en,2007-01,18.0
1773,Hummus,en,2006-12,5.0
1774,Hummus,de,2024-04,6.0
1775,Hummus,de,2024-03,1.0
1776,Hummus,de,2023-12,2.0
1777,Hummus,de,2023-11,1.0
1778,Hummus,de,2023-08,3.0
1779,Hummus,de,2023-05,2.0
1780,Hummus,de,2023-01,2.0
1781,Hummus,de,2022-12,1.0
1782,Hummus,de,2022-10,3.0
1783,Hummus,de,2022-07,2.0
1784,Hummus,de,2022-06,1.0
1785,Hummus,de,2022-04,3.0
1786,Hummus,de,2021-10,2.0
1787,Hummus,de,2021-07,2.0
1788,Hummus,de,2021-06,2.0
1789,Hummus,de,2021-05,2.0
1790,Hummus,de,2021-02,1.0
1791,Hummus,de,2020-10,2.0
1792,Hummus,de,2020-07,2.0
1793,Hummus,de,2020-05,2.0
1794,Hummus,de,2020-04,1.0
1795,Hummus,de,2019-12,1.0
1796,Hummus,de,2019-09,1.0
1797,Hummus,de,2019-07,1.0
1798,Hummus,de,2019-02,2.0
1799,Hummus,de,2019-01,9.0
1800,Hummus,de,2018-12,2.0
1801,Hummus,de,2018-10,1.0
1802,Hummus,de,2018-09,2.0
1803,Hummus,de,2017-10,1.0
1804,Hummus,de,2017-09,4.0
1805,Hummus,de,2017-07,1.0
1806,Hummus,de,2017-04,15.0
1807,Hummus,de,2016-12,2.0
1808,Hummus,de,2016-11,5.0
1809,Hummus,de,2016-07,2.0
1810,Hummus,de,2016-06,3.0
1811,Hummus,de,2016-01,1.0
1812,Hummus,de,2015-12,1.0
1813,Hummus,de,2015-09,2.0
1814,Hummus,de,2015-06,2.0
1815,Hummus,de,2015-04,1.0
1816,Hummus,de,2014-10,2.0
1817,Hummus,de,2014-09,1.0
1818,Hummus,de,2014-06,2.0
1819,Hummus,de,2014-02,4.0
1820,Hummus,de,2013-12,1.0
1821,Hummus,de,2013-09,4.0
1822,Hummus,de,2013-08,1.0
1823,Hummus,de,2013-05,3.0
1824,Hummus,de,2013-04,2.0
1825,Hummus,de,2013-01,2.0
1826,Hummus,de,2012-12,1.0
1827,Hummus,de,2012-11,4.0
1828,Hummus,de,2012-08,1.0
1829,Hummus,de,2012-05,2.0
1830,Hummus,de,2012-03,2.0
1831,Hummus,de,2012-02,2.0
1832,Hummus,de,2012-01,1.0
1833,Hummus,de,2011-12,3.0
1834,Hummus,de,2011-11,1.0
1835,Hummus,de,2011-09,1.0
1836,Hummus,de,2011-07,1.0
1837,Hummus,de,2011-06,2.0
1838,Hummus,de,2011-05,2.0
1839,Hummus,de,2011-04,1.0
1840,Hummus,de,2011-01,2.0
1841,Hummus,de,2010-12,1.0
1842,Hummus,de,2010-10,4.0
1843,Hummus,de,2010-05,7.0
1844,Hummus,de,2010-04,1.0
1845,Hummus,de,2010-02,2.0
1846,Hummus,de,2009-10,3.0
1847,Hummus,de,2009-09,4.0
1848,Hummus,de,2009-08,2.0
1849,Hummus,de,2009-06,1.0
1850,Hummus,de,2009-05,1.0
1851,Hummus,de,2009-03,1.0
1852,Hummus,de,2009-02,4.0
1853,Hummus,de,2009-01,7.0
1854,Hummus,de,2008-12,1.0
1855,Hummus,de,2008-11,3.0
1856,Hummus,de,2008-10,5.0
1857,Hummus,de,2008-09,5.0
1858,Hummus,de,2008-08,10.0
1859,Hummus,de,2008-07,2.0
1860,Hummus,de,2008-06,3.0
1861,Hummus,de,2008-05,1.0
1862,Hummus,de,2008-03,1.0
1863,Hummus,de,2008-02,3.0
1864,Hummus,de,2008-01,3.0
1865,Hummus,de,2007-12,3.0
1866,Hummus,de,2007-11,6.0
1867,Hummus,de,2007-10,3.0
1868,Hummus,de,2007-08,4.0
1869,Hummus,de,2007-06,1.0
1870,Hummus,de,2007-04,1.0
1871,Hummus,de,2007-03,1.0
1872,Hummus,de,2007-02,4.0
1873,Hummus,de,2007-01,4.0
1874,Hummus,de,2006-12,5.0
1875,Hummus,de,2006-11,3.0
1876,Hummus,ar,,
1877,Falafel,en,2024-05,1.0
1878,Falafel,en,2024-04,2.0
1879,Falafel,en,2024-03,2.0
1880,Falafel,en,2024-01,9.0
1881,Falafel,en,2023-12,100.0
1882,Falafel,en,2023-11,2.0
1883,Falafel,en,2023-10,3.0
1884,Falafel,en,2023-09,1.0
1885,Falafel,en,2023-08,3.0
1886,Falafel,en,2023-07,1.0
1887,Falafel,en,2023-06,10.0
1888,Falafel,en,2023-05,1.0
1889,Falafel,en,2023-04,6.0
1890,Falafel,en,2023-03,54.0
1891,Falafel,en,2023-02,3.0
1892,Falafel,en,2023-01,13.0
1893,Falafel,en,2022-12,12.0
1894,Falafel,en,2022-11,4.0
1895,Falafel,en,2022-10,18.0
1896,Falafel,en,2022-09,16.0
1897,Falafel,en,2022-08,7.0
1898,Falafel,en,2022-07,18.0
1899,Falafel,en,2022-06,22.0
1900,Falafel,en,2022-05,12.0
1901,Falafel,en,2022-04,7.0
1902,Falafel,en,2022-03,6.0
1903,Falafel,en,2022-02,10.0
1904,Falafel,en,2022-01,13.0
1905,Falafel,en,2021-12,12.0
1906,Falafel,en,2021-11,5.0
1907,Falafel,en,2021-10,9.0
1908,Falafel,en,2021-09,8.0
1909,Falafel,en,2021-08,29.0
1910,Falafel,en,2021-07,17.0
1911,Falafel,en,2021-06,38.0
1912,Falafel,en,2021-05,14.0
1913,Falafel,en,2021-04,4.0
1914,Falafel,en,2021-03,28.0
1915,Falafel,en,2021-02,31.0
1916,Falafel,en,2021-01,37.0
1917,Falafel,en,2020-12,3.0
1918,Falafel,en,2020-11,4.0
1919,Falafel,en,2020-10,30.0
1920,Falafel,en,2020-09,21.0
1921,Falafel,en,2020-08,21.0
1922,Falafel,en,2020-07,11.0
1923,Falafel,en,2020-06,22.0
1924,Falafel,en,2020-05,26.0
1925,Falafel,en,2020-04,8.0
1926,Falafel,en,2020-03,20.0
1927,Falafel,en,2020-02,10.0
1928,Falafel,en,2020-01,11.0
1929,Falafel,en,2019-12,5.0
1930,Falafel,en,2019-11,17.0
1931,Falafel,en,2019-10,17.0
1932,Falafel,en,2019-09,10.0
1933,Falafel,en,2019-08,25.0
1934,Falafel,en,2019-07,12.0
1935,Falafel,en,2019-06,61.0
1936,Falafel,en,2019-05,10.0
1937,Falafel,en,2019-04,7.0
1938,Falafel,en,2019-03,5.0
1939,Falafel,en,2019-02,15.0
1940,Falafel,en,2019-01,12.0
1941,Falafel,en,2018-12,19.0
1942,Falafel,en,2018-11,10.0
1943,Falafel,en,2018-10,11.0
1944,Falafel,en,2018-09,10.0
1945,Falafel,en,2018-08,26.0
1946,Falafel,en,2018-07,12.0
1947,Falafel,en,2018-06,4.0
1948,Falafel,en,2018-05,11.0
1949,Falafel,en,2018-04,40.0
1950,Falafel,en,2018-03,22.0
1951,Falafel,en,2018-02,13.0
1952,Falafel,en,2018-01,15.0
1953,Falafel,en,2017-12,11.0
1954,Falafel,en,2017-11,17.0
1955,Falafel,en,2017-10,13.0
1956,Falafel,en,2017-09,4.0
1957,Falafel,en,2017-08,9.0
1958,Falafel,en,2017-07,14.0
1959,Falafel,en,2017-06,14.0
1960,Falafel,en,2017-05,11.0
1961,Falafel,en,2017-04,12.0
1962,Falafel,en,2017-03,28.0
1963,Falafel,en,2017-02,17.0
1964,Falafel,en,2017-01,10.0
1965,Falafel,en,2016-12,13.0
1966,Falafel,en,2016-11,12.0
1967,Falafel,en,2016-10,34.0
1968,Falafel,en,2016-09,5.0
1969,Falafel,en,2016-08,9.0
1970,Falafel,en,2016-07,16.0
1971,Falafel,en,2016-06,10.0
1972,Falafel,en,2016-05,16.0
1973,Falafel,en,2016-04,6.0
1974,Falafel,en,2016-03,23.0
1975,Falafel,en,2016-02,5.0
1976,Falafel,en,2016-01,9.0
1977,Falafel,en,2015-12,27.0
1978,Falafel,en,2015-11,11.0
1979,Falafel,en,2015-10,5.0
1980,Falafel,en,2015-09,1.0
1981,Falafel,en,2015-08,8.0
1982,Falafel,en,2015-07,7.0
1983,Falafel,en,2015-06,12.0
1984,Falafel,en,2015-05,15.0
1985,Falafel,en,2015-04,5.0
1986,Falafel,en,2015-03,15.0
1987,Falafel,en,2015-02,8.0
1988,Falafel,en,2015-01,10.0
1989,Falafel,en,2014-12,22.0
1990,Falafel,en,2014-11,14.0
1991,Falafel,en,2014-10,1.0
1992,Falafel,en,2014-09,6.0
1993,Falafel,en,2014-08,18.0
1994,Falafel,en,2014-06,5.0
1995,Falafel,en,2014-05,19.0
1996,Falafel,en,2014-04,19.0
1997,Falafel,en,2014-03,20.0
1998,Falafel,en,2014-02,14.0
1999,Falafel,en,2014-01,24.0
2000,Falafel,en,2013-12,12.0
2001,Falafel,en,2013-11,10.0
2002,Falafel,en,2013-10,4.0
2003,Falafel,en,2013-09,22.0
2004,Falafel,en,2013-08,8.0
2005,Falafel,en,2013-07,5.0
2006,Falafel,en,2013-06,12.0
2007,Falafel,en,2013-05,13.0
2008,Falafel,en,2013-04,11.0
2009,Falafel,en,2013-03,16.0
2010,Falafel,en,2013-02,10.0
2011,Falafel,en,2013-01,16.0
2012,Falafel,en,2012-12,8.0
2013,Falafel,en,2012-11,6.0
2014,Falafel,en,2012-10,9.0
2015,Falafel,en,2012-09,18.0
2016,Falafel,en,2012-08,27.0
2017,Falafel,en,2012-07,16.0
2018,Falafel,en,2012-06,11.0
2019,Falafel,en,2012-05,29.0
2020,Falafel,en,2012-04,19.0
2021,Falafel,en,2012-03,26.0
2022,Falafel,en,2012-02,10.0
2023,Falafel,en,2012-01,15.0
2024,Falafel,en,2011-12,20.0
2025,Falafel,en,2011-11,28.0
2026,Falafel,en,2011-10,24.0
2027,Falafel,en,2011-09,50.0
2028,Falafel,en,2011-08,24.0
2029,Falafel,en,2011-07,32.0
2030,Falafel,en,2011-06,21.0
2031,Falafel,en,2011-05,28.0
2032,Falafel,en,2011-04,44.0
2033,Falafel,en,2011-03,38.0
2034,Falafel,en,2011-02,115.0
2035,Falafel,en,2011-01,29.0
2036,Falafel,en,2010-12,20.0
2037,Falafel,en,2010-11,31.0
2038,Falafel,en,2010-10,35.0
2039,Falafel,en,2010-09,24.0
2040,Falafel,en,2010-08,28.0
2041,Falafel,en,2010-07,101.0
2042,Falafel,en,2010-06,21.0
2043,Falafel,en,2010-05,55.0
2044,Falafel,en,2010-04,45.0
2045,Falafel,en,2010-03,97.0
2046,Falafel,en,2010-02,169.0
2047,Falafel,en,2010-01,45.0
2048,Falafel,en,2009-12,22.0
2049,Falafel,en,2009-11,39.0
2050,Falafel,en,2009-10,48.0
2051,Falafel,en,2009-09,55.0
2052,Falafel,en,2009-08,14.0
2053,Falafel,en,2009-07,46.0
2054,Falafel,en,2009-06,28.0
2055,Falafel,en,2009-05,28.0
2056,Falafel,en,2009-04,49.0
2057,Falafel,en,2009-03,38.0
2058,Falafel,en,2009-02,18.0
2059,Falafel,en,2009-01,26.0
2060,Falafel,en,2008-12,71.0
2061,Falafel,en,2008-11,36.0
2062,Falafel,en,2008-10,93.0
2063,Falafel,en,2008-09,21.0
2064,Falafel,en,2008-08,26.0
2065,Falafel,en,2008-07,15.0
2066,Falafel,en,2008-06,26.0
2067,Falafel,en,2008-05,37.0
2068,Falafel,en,2008-04,21.0
2069,Falafel,en,2008-03,58.0
2070,Falafel,en,2008-02,40.0
2071,Falafel,en,2008-01,14.0
2072,Falafel,en,2007-12,16.0
2073,Falafel,en,2007-11,34.0
2074,Falafel,en,2007-10,26.0
2075,Falafel,en,2007-09,12.0
2076,Falafel,en,2007-08,19.0
2077,Falafel,en,2007-07,18.0
2078,Falafel,en,2007-06,18.0
2079,Falafel,en,2007-05,21.0
2080,Falafel,en,2007-04,32.0
2081,Falafel,en,2007-03,25.0
2082,Falafel,en,2007-02,29.0
2083,Falafel,en,2007-01,30.0
2084,Falafel,en,2006-12,6.0
2085,Falafel,de,2024-04,5.0
2086,Falafel,de,2023-12,3.0
2087,Falafel,de,2023-11,2.0
2088,Falafel,de,2023-09,4.0
2089,Falafel,de,2023-05,2.0
2090,Falafel,de,2023-03,2.0
2091,Falafel,de,2023-02,2.0
2092,Falafel,de,2022-11,2.0
2093,Falafel,de,2022-07,2.0
2094,Falafel,de,2022-06,1.0
2095,Falafel,de,2022-04,1.0
2096,Falafel,de,2022-03,1.0
2097,Falafel,de,2022-01,2.0
2098,Falafel,de,2021-12,2.0
2099,Falafel,de,2021-10,5.0
2100,Falafel,de,2021-09,2.0
2101,Falafel,de,2021-06,3.0
2102,Falafel,de,2021-05,4.0
2103,Falafel,de,2021-02,2.0
2104,Falafel,de,2020-11,2.0
2105,Falafel,de,2020-09,2.0
2106,Falafel,de,2020-07,1.0
2107,Falafel,de,2020-06,2.0
2108,Falafel,de,2019-12,2.0
2109,Falafel,de,2019-11,13.0
2110,Falafel,de,2019-09,1.0
2111,Falafel,de,2019-06,6.0
2112,Falafel,de,2019-05,2.0
2113,Falafel,de,2019-04,2.0
2114,Falafel,de,2019-03,1.0
2115,Falafel,de,2018-11,16.0
2116,Falafel,de,2018-10,2.0
2117,Falafel,de,2018-09,1.0
2118,Falafel,de,2018-07,2.0
2119,Falafel,de,2018-06,1.0
2120,Falafel,de,2018-05,2.0
2121,Falafel,de,2018-04,1.0
2122,Falafel,de,2017-12,3.0
2123,Falafel,de,2017-11,1.0
2124,Falafel,de,2017-07,2.0
2125,Falafel,de,2017-06,1.0
2126,Falafel,de,2017-03,5.0
2127,Falafel,de,2017-02,2.0
2128,Falafel,de,2017-01,7.0
2129,Falafel,de,2016-12,7.0
2130,Falafel,de,2016-11,4.0
2131,Falafel,de,2016-10,1.0
2132,Falafel,de,2016-08,3.0
2133,Falafel,de,2016-07,8.0
2134,Falafel,de,2016-06,7.0
2135,Falafel,de,2016-03,2.0
2136,Falafel,de,2016-02,2.0
2137,Falafel,de,2016-01,1.0
2138,Falafel,de,2015-07,1.0
2139,Falafel,de,2014-09,1.0
2140,Falafel,de,2014-08,2.0
2141,Falafel,de,2014-06,2.0
2142,Falafel,de,2014-03,1.0
2143,Falafel,de,2014-01,2.0
2144,Falafel,de,2013-11,3.0
2145,Falafel,de,2013-10,2.0
2146,Falafel,de,2013-08,2.0
2147,Falafel,de,2013-07,6.0
2148,Falafel,de,2013-05,7.0
2149,Falafel,de,2013-04,1.0
2150,Falafel,de,2013-03,2.0
2151,Falafel,de,2013-02,1.0
2152,Falafel,de,2012-10,1.0
2153,Falafel,de,2012-09,3.0
2154,Falafel,de,2012-08,3.0
2155,Falafel,de,2012-07,2.0
2156,Falafel,de,2012-01,1.0
2157,Falafel,de,2011-12,4.0
2158,Falafel,de,2011-11,1.0
2159,Falafel,de,2011-10,4.0
2160,Falafel,de,2011-09,1.0
2161,Falafel,de,2011-08,2.0
2162,Falafel,de,2011-05,2.0
2163,Falafel,de,2011-04,2.0
2164,Falafel,de,2011-02,1.0
2165,Falafel,de,2011-01,5.0
2166,Falafel,de,2010-12,3.0
2167,Falafel,de,2010-10,2.0
2168,Falafel,de,2010-08,9.0
2169,Falafel,de,2010-06,8.0
2170,Falafel,de,2010-05,2.0
2171,Falafel,de,2010-04,5.0
2172,Falafel,de,2010-03,2.0
2173,Falafel,de,2010-01,3.0
2174,Falafel,de,2009-12,2.0
2175,Falafel,de,2009-10,6.0
2176,Falafel,de,2009-09,3.0
2177,Falafel,de,2009-08,7.0
2178,Falafel,de,2009-07,4.0
2179,Falafel,de,2009-05,2.0
2180,Falafel,de,2009-04,2.0
2181,Falafel,de,2009-03,2.0
2182,Falafel,de,2009-02,3.0
2183,Falafel,de,2009-01,2.0
2184,Falafel,de,2008-12,1.0
2185,Falafel,de,2008-11,2.0
2186,Falafel,de,2008-09,7.0
2187,Falafel,de,2008-08,3.0
2188,Falafel,de,2008-07,3.0
2189,Falafel,de,2008-06,3.0
2190,Falafel,de,2008-05,4.0
2191,Falafel,de,2008-03,12.0
2192,Falafel,de,2008-02,3.0
2193,Falafel,de,2008-01,9.0
2194,Falafel,de,2007-12,3.0
2195,Falafel,de,2007-11,1.0
2196,Falafel,de,2007-10,8.0
2197,Falafel,de,2007-09,7.0
2198,Falafel,de,2007-08,4.0
2199,Falafel,de,2007-07,5.0
2200,Falafel,de,2007-06,3.0
2201,Falafel,de,2007-05,4.0
2202,Falafel,de,2007-04,13.0
2203,Falafel,de,2007-03,3.0
2204,Falafel,de,2007-02,3.0
2205,Falafel,de,2007-01,3.0
2206,Falafel,de,2006-12,2.0
2207,Falafel,ar,2024-05,2.0
2208,Falafel,ar,2024-04,2.0
2209,Falafel,ar,2024-01,2.0
2210,Falafel,ar,2023-10,3.0
2211,Falafel,ar,2023-09,10.0
2212,Falafel,ar,2023-08,17.0
2213,Falafel,ar,2023-07,16.0
2214,Falafel,ar,2023-06,7.0
2215,Falafel,ar,2023-05,5.0
2216,Falafel,ar,2023-04,11.0
2217,Falafel,ar,2023-03,4.0
2218,Falafel,ar,2023-01,7.0
2219,Falafel,ar,2022-12,5.0
2220,Falafel,ar,2022-11,12.0
2221,Falafel,ar,2022-09,1.0
2222,Falafel,ar,2022-07,4.0
2223,Falafel,ar,2022-06,6.0
2224,Falafel,ar,2022-05,1.0
2225,Falafel,ar,2022-04,3.0
2226,Falafel,ar,2022-03,2.0
2227,Falafel,ar,2022-02,3.0
2228,Falafel,ar,2022-01,6.0
2229,Falafel,ar,2021-12,2.0
2230,Falafel,ar,2021-08,1.0
2231,Falafel,ar,2021-07,2.0
2232,Falafel,ar,2021-06,11.0
2233,Falafel,ar,2021-04,10.0
2234,Falafel,ar,2021-03,7.0
2235,Falafel,ar,2021-02,7.0
2236,Falafel,ar,2021-01,2.0
2237,Falafel,ar,2020-12,5.0
2238,Falafel,ar,2020-11,2.0
2239,Falafel,ar,2020-10,3.0
2240,Falafel,ar,2020-09,2.0
2241,Falafel,ar,2020-08,6.0
2242,Falafel,ar,2020-07,1.0
2243,Falafel,ar,2020-06,2.0
2244,Falafel,ar,2020-05,9.0
2245,Falafel,ar,2020-04,2.0
2246,Falafel,ar,2020-03,1.0
2247,Falafel,ar,2019-12,5.0
2248,Falafel,ar,2019-11,5.0
2249,Falafel,ar,2019-10,4.0
2250,Falafel,ar,2019-09,2.0
2251,Falafel,ar,2019-07,3.0
2252,Falafel,ar,2019-06,36.0
2253,Falafel,ar,2019-05,2.0
2254,Falafel,ar,2019-04,1.0
2255,Falafel,ar,2019-03,2.0
2256,Falafel,ar,2019-02,3.0
2257,Falafel,ar,2019-01,1.0
2258,Falafel,ar,2018-11,11.0
2259,Falafel,ar,2018-08,2.0
2260,Falafel,ar,2018-07,2.0
2261,Falafel,ar,2018-06,1.0
2262,Falafel,ar,2018-04,8.0
2263,Falafel,ar,2018-03,15.0
2264,Falafel,ar,2018-02,3.0
2265,Falafel,ar,2018-01,7.0
2266,Falafel,ar,2017-12,6.0
2267,Falafel,ar,2017-11,1.0
2268,Falafel,ar,2017-10,2.0
2269,Falafel,ar,2017-09,2.0
2270,Falafel,ar,2017-08,6.0
2271,Falafel,ar,2017-07,1.0
2272,Falafel,ar,2017-06,1.0
2273,Falafel,ar,2017-05,5.0
2274,Falafel,ar,2017-04,3.0
2275,Falafel,ar,2017-03,4.0
2276,Falafel,ar,2017-01,1.0
2277,Falafel,ar,2016-11,2.0
2278,Falafel,ar,2016-10,3.0
2279,Falafel,ar,2016-09,1.0
2280,Falafel,ar,2016-08,7.0
2281,Falafel,ar,2016-07,8.0
2282,Falafel,ar,2016-06,1.0
2283,Falafel,ar,2016-05,3.0
2284,Falafel,ar,2016-04,6.0
2285,Falafel,ar,2016-03,5.0
2286,Falafel,ar,2016-01,1.0
2287,Falafel,ar,2015-12,2.0
2288,Falafel,ar,2015-09,2.0
2289,Falafel,ar,2015-08,6.0
2290,Falafel,ar,2015-07,12.0
2291,Falafel,ar,2015-05,8.0
2292,Falafel,ar,2015-04,6.0
2293,Falafel,ar,2015-03,9.0
2294,Falafel,ar,2015-01,7.0
2295,Falafel,ar,2014-11,1.0
2296,Falafel,ar,2014-10,3.0
2297,Falafel,ar,2014-09,8.0
2298,Falafel,ar,2014-08,1.0
2299,Falafel,ar,2014-07,2.0
2300,Falafel,ar,2014-06,1.0
2301,Falafel,ar,2014-05,1.0
2302,Falafel,ar,2014-04,5.0
2303,Falafel,ar,2014-02,1.0
2304,Falafel,ar,2014-01,4.0
2305,Falafel,ar,2013-10,4.0
2306,Falafel,ar,2013-08,2.0
2307,Falafel,ar,2013-07,3.0
2308,Falafel,ar,2013-06,1.0
2309,Falafel,ar,2013-05,3.0
2310,Falafel,ar,2013-04,4.0
2311,Falafel,ar,2013-03,4.0
2312,Falafel,ar,2013-01,1.0
2313,Falafel,ar,2012-11,3.0
2314,Falafel,ar,2012-10,1.0
2315,Falafel,ar,2012-09,2.0
2316,Falafel,ar,2012-08,6.0
2317,Falafel,ar,2012-07,2.0
2318,Falafel,ar,2012-06,4.0
2319,Falafel,ar,2012-05,3.0
2320,Falafel,ar,2012-04,3.0
2321,Falafel,ar,2012-02,7.0
2322,Falafel,ar,2012-01,3.0
2323,Falafel,ar,2011-12,1.0
2324,Falafel,ar,2011-11,2.0
2325,Falafel,ar,2011-10,2.0
2326,Falafel,ar,2011-09,2.0
2327,Falafel,ar,2011-08,3.0
2328,Falafel,ar,2011-07,4.0
2329,Falafel,ar,2011-06,1.0
2330,Falafel,ar,2011-05,5.0
2331,Falafel,ar,2011-04,7.0
2332,Falafel,ar,2011-03,1.0
2333,Falafel,ar,2011-02,2.0
2334,Falafel,ar,2011-01,1.0
2335,Falafel,ar,2010-12,4.0
2336,Falafel,ar,2010-11,7.0
2337,Falafel,ar,2010-06,1.0
2338,Falafel,ar,2010-05,3.0
2339,Falafel,ar,2010-04,8.0
2340,Falafel,ar,2010-03,1.0
2341,Falafel,ar,2010-02,6.0
2342,Falafel,ar,2010-01,2.0
2343,Falafel,ar,2009-12,6.0
2344,Falafel,ar,2009-11,1.0
2345,Falafel,ar,2009-10,5.0
2346,Falafel,ar,2009-09,4.0
2347,Falafel,ar,2009-08,2.0
2348,Falafel,ar,2009-07,4.0
2349,Falafel,ar,2009-06,2.0
2350,Falafel,ar,2009-05,13.0
2351,Falafel,ar,2009-04,3.0
2352,Falafel,ar,2009-03,7.0
2353,Falafel,ar,2009-02,1.0
2354,Falafel,ar,2008-12,1.0
2355,Falafel,ar,2008-10,2.0
2356,Falafel,ar,2008-09,6.0
2357,Falafel,ar,2008-08,1.0
2358,Falafel,ar,2008-07,3.0
2359,Falafel,ar,2008-05,2.0
2360,Falafel,ar,2008-03,2.0
2361,Falafel,ar,2008-02,7.0
2362,Falafel,ar,2007-12,3.0
2363,Falafel,ar,2007-11,1.0
2364,Falafel,ar,2007-10,1.0
2365,Falafel,ar,2007-09,2.0
2366,Falafel,ar,2007-07,19.0
2367,Falafel,ar,2007-06,1.0
2368,Falafel,ar,2007-04,4.0
2369,Falafel,ar,2007-03,4.0
2370,Falafel,ar,2007-02,2.0
2371,Falafel,ar,2007-01,7.0
2372,Falafel,ar,2006-12,10.0
2373,Falafel,ar,2006-11,3.0
2374,Falafel,ar,2006-06,2.0
2375,Falafel,ar,2006-05,1.0
2376,Falafel,ar,2006-04,4.0
2377,Shawarma,en,2024-04,14.0
2378,Shawarma,en,2024-03,25.0
2379,Shawarma,en,2024-02,12.0
2380,Shawarma,en,2024-01,13.0
2381,Shawarma,en,2023-12,17.0
2382,Shawarma,en,2023-11,34.0
2383,Shawarma,en,2023-10,24.0
2384,Shawarma,en,2023-09,27.0
2385,Shawarma,en,2023-08,19.0
2386,Shawarma,en,2023-07,6.0
2387,Shawarma,en,2023-06,8.0
2388,Shawarma,en,2023-05,2.0
2389,Shawarma,en,2023-04,21.0
2390,Shawarma,en,2023-03,26.0
2391,Shawarma,en,2023-02,14.0
2392,Shawarma,en,2023-01,10.0
2393,Shawarma,en,2022-12,13.0
2394,Shawarma,en,2022-11,20.0
2395,Shawarma,en,2022-10,14.0
2396,Shawarma,en,2022-09,24.0
2397,Shawarma,en,2022-08,17.0
2398,Shawarma,en,2022-07,30.0
2399,Shawarma,en,2022-06,22.0
2400,Shawarma,en,2022-05,15.0
2401,Shawarma,en,2022-04,14.0
2402,Shawarma,en,2022-03,24.0
2403,Shawarma,en,2022-02,15.0
2404,Shawarma,en,2022-01,5.0
2405,Shawarma,en,2021-12,10.0
2406,Shawarma,en,2021-11,6.0
2407,Shawarma,en,2021-10,5.0
2408,Shawarma,en,2021-09,17.0
2409,Shawarma,en,2021-08,16.0
2410,Shawarma,en,2021-07,14.0
2411,Shawarma,en,2021-06,11.0
2412,Shawarma,en,2021-05,7.0
2413,Shawarma,en,2021-04,30.0
2414,Shawarma,en,2021-03,7.0
2415,Shawarma,en,2021-02,18.0
2416,Shawarma,en,2021-01,8.0
2417,Shawarma,en,2020-12,17.0
2418,Shawarma,en,2020-11,4.0
2419,Shawarma,en,2020-10,29.0
2420,Shawarma,en,2020-09,9.0
2421,Shawarma,en,2020-08,10.0
2422,Shawarma,en,2020-07,15.0
2423,Shawarma,en,2020-06,5.0
2424,Shawarma,en,2020-05,4.0
2425,Shawarma,en,2020-04,17.0
2426,Shawarma,en,2020-03,9.0
2427,Shawarma,en,2020-02,13.0
2428,Shawarma,en,2020-01,23.0
2429,Shawarma,en,2019-12,12.0
2430,Shawarma,en,2019-11,5.0
2431,Shawarma,en,2019-10,11.0
2432,Shawarma,en,2019-09,46.0
2433,Shawarma,en,2019-08,8.0
2434,Shawarma,en,2019-07,8.0
2435,Shawarma,en,2019-06,11.0
2436,Shawarma,en,2019-05,37.0
2437,Shawarma,en,2019-04,29.0
2438,Shawarma,en,2019-03,10.0
2439,Shawarma,en,2019-02,65.0
2440,Shawarma,en,2019-01,18.0
2441,Shawarma,en,2018-12,24.0
2442,Shawarma,en,2018-11,4.0
2443,Shawarma,en,2018-10,13.0
2444,Shawarma,en,2018-09,28.0
2445,Shawarma,en,2018-08,24.0
2446,Shawarma,en,2018-07,5.0
2447,Shawarma,en,2018-06,15.0
2448,Shawarma,en,2018-05,12.0
2449,Shawarma,en,2018-04,7.0
2450,Shawarma,en,2018-03,32.0
2451,Shawarma,en,2018-02,16.0
2452,Shawarma,en,2018-01,18.0
2453,Shawarma,en,2017-12,16.0
2454,Shawarma,en,2017-11,7.0
2455,Shawarma,en,2017-10,21.0
2456,Shawarma,en,2017-09,12.0
2457,Shawarma,en,2017-08,9.0
2458,Shawarma,en,2017-07,10.0
2459,Shawarma,en,2017-06,8.0
2460,Shawarma,en,2017-05,25.0
2461,Shawarma,en,2017-04,16.0
2462,Shawarma,en,2017-03,16.0
2463,Shawarma,en,2017-02,29.0
2464,Shawarma,en,2017-01,13.0
2465,Shawarma,en,2016-12,7.0
2466,Shawarma,en,2016-11,14.0
2467,Shawarma,en,2016-10,18.0
2468,Shawarma,en,2016-09,18.0
2469,Shawarma,en,2016-08,6.0
2470,Shawarma,en,2016-06,4.0
2471,Shawarma,en,2016-05,12.0
2472,Shawarma,en,2016-04,14.0
2473,Shawarma,en,2016-03,7.0
2474,Shawarma,en,2016-02,9.0
2475,Shawarma,en,2016-01,13.0
2476,Shawarma,en,2015-12,6.0
2477,Shawarma,en,2015-11,6.0
2478,Shawarma,en,2015-10,8.0
2479,Shawarma,en,2015-09,8.0
2480,Shawarma,en,2015-08,10.0
2481,Shawarma,en,2015-07,14.0
2482,Shawarma,en,2015-06,10.0
2483,Shawarma,en,2015-05,6.0
2484,Shawarma,en,2015-04,6.0
2485,Shawarma,en,2015-03,9.0
2486,Shawarma,en,2015-02,14.0
2487,Shawarma,en,2015-01,1.0
2488,Shawarma,en,2014-12,7.0
2489,Shawarma,en,2014-11,24.0
2490,Shawarma,en,2014-10,9.0
2491,Shawarma,en,2014-09,7.0
2492,Shawarma,en,2014-08,20.0
2493,Shawarma,en,2014-07,3.0
2494,Shawarma,en,2014-06,19.0
2495,Shawarma,en,2014-05,19.0
2496,Shawarma,en,2014-04,4.0
2497,Shawarma,en,2014-03,5.0
2498,Shawarma,en,2014-02,15.0
2499,Shawarma,en,2014-01,19.0
2500,Shawarma,en,2013-12,5.0
2501,Shawarma,en,2013-11,12.0
2502,Shawarma,en,2013-10,13.0
2503,Shawarma,en,2013-09,5.0
2504,Shawarma,en,2013-08,3.0
2505,Shawarma,en,2013-07,16.0
2506,Shawarma,en,2013-06,18.0
2507,Shawarma,en,2013-05,10.0
2508,Shawarma,en,2013-04,4.0
2509,Shawarma,en,2013-03,20.0
2510,Shawarma,en,2013-02,14.0
2511,Shawarma,en,2013-01,12.0
2512,Shawarma,en,2012-12,45.0
2513,Shawarma,en,2012-11,23.0
2514,Shawarma,en,2012-10,23.0
2515,Shawarma,en,2012-09,30.0
2516,Shawarma,en,2012-08,29.0
2517,Shawarma,en,2012-07,39.0
2518,Shawarma,en,2012-06,26.0
2519,Shawarma,en,2012-05,57.0
2520,Shawarma,en,2012-04,25.0
2521,Shawarma,en,2012-03,21.0
2522,Shawarma,en,2012-02,4.0
2523,Shawarma,en,2012-01,21.0
2524,Shawarma,en,2011-12,16.0
2525,Shawarma,en,2011-11,35.0
2526,Shawarma,en,2011-10,9.0
2527,Shawarma,en,2011-09,14.0
2528,Shawarma,en,2011-08,18.0
2529,Shawarma,en,2011-07,9.0
2530,Shawarma,en,2011-06,7.0
2531,Shawarma,en,2011-05,9.0
2532,Shawarma,en,2011-04,16.0
2533,Shawarma,en,2011-03,6.0
2534,Shawarma,en,2011-02,20.0
2535,Shawarma,en,2011-01,17.0
2536,Shawarma,en,2010-12,13.0
2537,Shawarma,en,2010-11,15.0
2538,Shawarma,en,2010-10,17.0
2539,Shawarma,en,2010-09,12.0
2540,Shawarma,en,2010-08,22.0
2541,Shawarma,en,2010-07,20.0
2542,Shawarma,en,2010-06,11.0
2543,Shawarma,en,2010-05,35.0
2544,Shawarma,en,2010-04,18.0
2545,Shawarma,en,2010-03,24.0
2546,Shawarma,en,2010-02,11.0
2547,Shawarma,en,2010-01,42.0
2548,Shawarma,en,2009-12,16.0
2549,Shawarma,en,2009-11,12.0
2550,Shawarma,en,2009-10,20.0
2551,Shawarma,en,2009-09,23.0
2552,Shawarma,en,2009-08,30.0
2553,Shawarma,en,2009-07,11.0
2554,Shawarma,en,2009-06,13.0
2555,Shawarma,en,2009-05,11.0
2556,Shawarma,en,2009-04,25.0
2557,Shawarma,en,2009-03,11.0
2558,Shawarma,en,2009-02,13.0
2559,Shawarma,en,2009-01,14.0
2560,Shawarma,en,2008-12,17.0
2561,Shawarma,en,2008-11,13.0
2562,Shawarma,en,2008-10,15.0
2563,Shawarma,en,2008-09,24.0
2564,Shawarma,en,2008-08,18.0
2565,Shawarma,en,2008-07,18.0
2566,Shawarma,en,2008-06,24.0
2567,Shawarma,en,2008-05,15.0
2568,Shawarma,en,2008-04,22.0
2569,Shawarma,en,2008-03,13.0
2570,Shawarma,en,2008-02,22.0
2571,Shawarma,en,2008-01,15.0
2572,Shawarma,en,2007-12,28.0
2573,Shawarma,en,2007-11,20.0
2574,Shawarma,en,2007-10,16.0
2575,Shawarma,en,2007-09,16.0
2576,Shawarma,en,2007-08,17.0
2577,Shawarma,en,2007-07,23.0
2578,Shawarma,en,2007-06,32.0
2579,Shawarma,en,2007-05,30.0
2580,Shawarma,en,2007-04,29.0
2581,Shawarma,en,2007-03,33.0
2582,Shawarma,en,2007-02,27.0
2583,Shawarma,en,2007-01,44.0
2584,Shawarma,en,2006-12,19.0
2585,Shawarma,de,2024-04,2.0
2586,Shawarma,de,2024-01,1.0
2587,Shawarma,de,2023-07,1.0
2588,Shawarma,de,2023-04,8.0
2589,Shawarma,de,2023-03,2.0
2590,Shawarma,de,2023-02,4.0
2591,Shawarma,de,2023-01,1.0
2592,Shawarma,de,2022-11,4.0
2593,Shawarma,de,2022-10,2.0
2594,Shawarma,de,2022-09,3.0
2595,Shawarma,de,2022-08,1.0
2596,Shawarma,de,2022-04,2.0
2597,Shawarma,de,2022-03,1.0
2598,Shawarma,de,2021-12,4.0
2599,Shawarma,de,2021-07,1.0
2600,Shawarma,de,2021-02,4.0
2601,Shawarma,de,2021-01,2.0
2602,Shawarma,de,2020-12,2.0
2603,Shawarma,de,2020-11,4.0
2604,Shawarma,de,2020-08,2.0
2605,Shawarma,de,2020-07,1.0
2606,Shawarma,de,2020-03,2.0
2607,Shawarma,de,2019-10,2.0
2608,Shawarma,de,2019-06,1.0
2609,Shawarma,de,2019-02,2.0
2610,Shawarma,de,2018-11,4.0
2611,Shawarma,de,2018-03,1.0
2612,Shawarma,de,2017-12,1.0
2613,Shawarma,de,2017-10,2.0
2614,Shawarma,de,2017-06,2.0
2615,Shawarma,de,2017-04,1.0
2616,Shawarma,de,2017-03,4.0
2617,Shawarma,de,2017-02,1.0
2618,Shawarma,de,2016-01,1.0
2619,Shawarma,de,2015-11,1.0
2620,Shawarma,de,2015-06,6.0
2621,Shawarma,de,2015-04,1.0
2622,Shawarma,de,2014-12,7.0
2623,Shawarma,de,2014-09,1.0
2624,Shawarma,de,2014-03,1.0
2625,Shawarma,de,2013-06,1.0
2626,Shawarma,de,2013-05,1.0
2627,Shawarma,de,2013-04,1.0
2628,Shawarma,de,2013-02,2.0
2629,Shawarma,de,2012-11,2.0
2630,Shawarma,de,2012-08,1.0
2631,Shawarma,de,2012-07,1.0
2632,Shawarma,de,2012-06,2.0
2633,Shawarma,de,2012-05,2.0
2634,Shawarma,de,2012-04,2.0
2635,Shawarma,de,2012-02,4.0
2636,Shawarma,de,2012-01,4.0
2637,Shawarma,de,2011-09,2.0
2638,Shawarma,de,2011-08,1.0
2639,Shawarma,de,2011-04,2.0
2640,Shawarma,de,2011-03,2.0
2641,Shawarma,de,2010-04,1.0
2642,Shawarma,de,2010-03,1.0
2643,Shawarma,de,2010-02,1.0
2644,Shawarma,de,2010-01,1.0
2645,Shawarma,de,2009-12,4.0
2646,Shawarma,de,2009-11,3.0
2647,Shawarma,de,2009-09,2.0
2648,Shawarma,de,2009-08,2.0
2649,Shawarma,de,2008-12,1.0
2650,Shawarma,de,2008-11,2.0
2651,Shawarma,de,2008-10,1.0
2652,Shawarma,de,2008-09,1.0
2653,Shawarma,de,2008-07,1.0
2654,Shawarma,de,2008-06,1.0
2655,Shawarma,de,2008-04,2.0
2656,Shawarma,de,2008-03,4.0
2657,Shawarma,de,2007-11,3.0
2658,Shawarma,de,2007-10,2.0
2659,Shawarma,de,2007-09,9.0
2660,Shawarma,de,2007-08,1.0
2661,Shawarma,de,2007-07,1.0
2662,Shawarma,de,2007-03,1.0
2663,Shawarma,de,2006-12,4.0
2664,Shawarma,de,2006-11,2.0
2665,Shawarma,de,2006-10,1.0
2666,Shawarma,de,2006-08,1.0
2667,Shawarma,de,2006-07,2.0
2668,Shawarma,de,2006-06,2.0
2669,Shawarma,ar,2024-04,2.0
2670,Shawarma,ar,2024-03,2.0
2671,Shawarma,ar,2024-02,9.0
2672,Shawarma,ar,2024-01,2.0
2673,Shawarma,ar,2023-12,4.0
2674,Shawarma,ar,2023-11,3.0
2675,Shawarma,ar,2023-10,3.0
2676,Shawarma,ar,2023-07,1.0
2677,Shawarma,ar,2023-06,6.0
2678,Shawarma,ar,2023-05,2.0
2679,Shawarma,ar,2023-03,4.0
2680,Shawarma,ar,2023-02,4.0
2681,Shawarma,ar,2022-12,7.0
2682,Shawarma,ar,2022-10,3.0
2683,Shawarma,ar,2022-08,1.0
2684,Shawarma,ar,2022-05,2.0
2685,Shawarma,ar,2022-02,2.0
2686,Shawarma,ar,2022-01,8.0
2687,Shawarma,ar,2021-12,2.0
2688,Shawarma,ar,2021-10,2.0
2689,Shawarma,ar,2021-09,1.0
2690,Shawarma,ar,2021-05,4.0
2691,Shawarma,ar,2021-03,2.0
2692,Shawarma,ar,2021-02,2.0
2693,Shawarma,ar,2021-01,1.0
2694,Shawarma,ar,2020-12,5.0
2695,Shawarma,ar,2020-11,9.0
2696,Shawarma,ar,2020-10,1.0
2697,Shawarma,ar,2020-08,3.0
2698,Shawarma,ar,2020-06,2.0
2699,Shawarma,ar,2020-05,3.0
2700,Shawarma,ar,2020-04,4.0
2701,Shawarma,ar,2020-02,4.0
2702,Shawarma,ar,2020-01,3.0
2703,Shawarma,ar,2019-12,7.0
2704,Shawarma,ar,2019-11,1.0
2705,Shawarma,ar,2019-10,2.0
2706,Shawarma,ar,2019-06,1.0
2707,Shawarma,ar,2019-05,2.0
2708,Shawarma,ar,2019-04,3.0
2709,Shawarma,ar,2019-03,1.0
2710,Shawarma,ar,2019-02,3.0
2711,Shawarma,ar,2019-01,1.0
2712,Shawarma,ar,2018-11,2.0
2713,Shawarma,ar,2018-10,3.0
2714,Shawarma,ar,2018-08,1.0
2715,Shawarma,ar,2018-07,6.0
2716,Shawarma,ar,2018-06,1.0
2717,Shawarma,ar,2018-05,8.0
2718,Shawarma,ar,2018-04,1.0
2719,Shawarma,ar,2018-01,2.0
2720,Shawarma,ar,2017-10,6.0
2721,Shawarma,ar,2017-09,2.0
2722,Shawarma,ar,2017-07,4.0
2723,Shawarma,ar,2017-06,2.0
2724,Shawarma,ar,2017-02,2.0
2725,Shawarma,ar,2016-10,3.0
2726,Shawarma,ar,2016-09,3.0
2727,Shawarma,ar,2016-08,2.0
2728,Shawarma,ar,2016-07,1.0
2729,Shawarma,ar,2016-05,1.0
2730,Shawarma,ar,2016-04,2.0
2731,Shawarma,ar,2016-03,1.0
2732,Shawarma,ar,2016-01,2.0
2733,Shawarma,ar,2015-09,4.0
2734,Shawarma,ar,2015-08,1.0
2735,Shawarma,ar,2015-06,1.0
2736,Shawarma,ar,2015-04,4.0
2737,Shawarma,ar,2015-03,2.0
2738,Shawarma,ar,2015-02,1.0
2739,Shawarma,ar,2014-12,2.0
2740,Shawarma,ar,2014-10,3.0
2741,Shawarma,ar,2014-09,3.0
2742,Shawarma,ar,2014-07,2.0
2743,Shawarma,ar,2014-05,1.0
2744,Shawarma,ar,2014-04,2.0
2745,Shawarma,ar,2013-10,1.0
2746,Shawarma,ar,2013-09,1.0
2747,Shawarma,ar,2013-06,1.0
2748,Shawarma,ar,2013-05,1.0
2749,Shawarma,ar,2013-03,3.0
2750,Shawarma,ar,2013-02,2.0
2751,Shawarma,ar,2012-12,1.0
2752,Shawarma,ar,2012-11,3.0
2753,Shawarma,ar,2012-10,2.0
2754,Shawarma,ar,2012-09,1.0
2755,Shawarma,ar,2012-08,1.0
2756,Shawarma,ar,2012-06,3.0
2757,Shawarma,ar,2012-05,5.0
2758,Shawarma,ar,2012-04,2.0
2759,Shawarma,ar,2012-03,2.0
2760,Shawarma,ar,2012-02,2.0
2761,Shawarma,ar,2012-01,3.0
2762,Shawarma,ar,2011-12,1.0
2763,Shawarma,ar,2011-11,4.0
2764,Shawarma,ar,2011-09,3.0
2765,Shawarma,ar,2011-08,5.0
2766,Shawarma,ar,2011-03,1.0
2767,Shawarma,ar,2010-12,1.0
2768,Shawarma,ar,2010-11,1.0
2769,Shawarma,ar,2010-08,1.0
2770,Shawarma,ar,2010-04,1.0
2771,Shawarma,ar,2010-03,2.0
2772,Shawarma,ar,2010-02,1.0
2773,Shawarma,ar,2010-01,3.0
2774,Shawarma,ar,2009-12,4.0
2775,Shawarma,ar,2009-11,2.0
2776,Shawarma,ar,2009-10,1.0
2777,Shawarma,ar,2009-08,4.0
2778,Shawarma,ar,2009-07,4.0
2779,Shawarma,ar,2009-06,5.0
2780,Shawarma,ar,2009-05,3.0
2781,Shawarma,ar,2009-03,2.0
2782,Shawarma,ar,2009-02,2.0
2783,Shawarma,ar,2009-01,1.0
2784,Shawarma,ar,2008-10,2.0
2785,Shawarma,ar,2008-09,2.0
2786,Shawarma,ar,2008-07,5.0
2787,Shawarma,ar,2008-05,2.0
2788,Shawarma,ar,2008-04,2.0
2789,Shawarma,ar,2008-03,1.0
2790,Shawarma,ar,2007-12,2.0
2791,Shawarma,ar,2007-10,1.0
2792,Shawarma,ar,2007-09,1.0
2793,Shawarma,ar,2007-08,3.0
2794,Shawarma,ar,2007-06,4.0
2795,Shawarma,ar,2007-05,3.0
2796,Shawarma,ar,2007-04,1.0
2797,Shawarma,ar,2007-03,1.0
2798,Shawarma,ar,2007-01,9.0
2799,Shawarma,ar,2006-12,5.0
2800,Shawarma,ar,2006-08,1.0
2801,Shawarma,ar,2006-07,1.0
2802,Shawarma,ar,2006-04,1.0
2803,Shawarma,ar,2006-03,1.0
2804,Shawarma,ar,2006-02,8.0
2805,First_Intifada,en,2024-05,2.0
2806,First_Intifada,en,2024-04,4.0
2807,First_Intifada,en,2024-03,1.0
2808,First_Intifada,en,2024-02,5.0
2809,First_Intifada,en,2023-12,22.0
2810,First_Intifada,en,2023-11,16.0
2811,First_Intifada,en,2023-10,9.0
2812,First_Intifada,en,2023-08,1.0
2813,First_Intifada,en,2023-07,1.0
2814,First_Intifada,en,2023-03,1.0
2815,First_Intifada,en,2023-02,1.0
2816,First_Intifada,en,2023-01,2.0
2817,First_Intifada,en,2022-11,2.0
2818,First_Intifada,en,2022-10,3.0
2819,First_Intifada,en,2022-09,1.0
2820,First_Intifada,en,2022-04,1.0
2821,First_Intifada,en,2022-03,2.0
2822,First_Intifada,en,2022-02,3.0
2823,First_Intifada,en,2022-01,1.0
2824,First_Intifada,en,2021-12,2.0
2825,First_Intifada,en,2021-11,4.0
2826,First_Intifada,en,2021-10,1.0
2827,First_Intifada,en,2021-09,1.0
2828,First_Intifada,en,2021-08,1.0
2829,First_Intifada,en,2021-05,6.0
2830,First_Intifada,en,2021-04,1.0
2831,First_Intifada,en,2021-03,2.0
2832,First_Intifada,en,2021-01,4.0
2833,First_Intifada,en,2020-12,5.0
2834,First_Intifada,en,2020-10,2.0
2835,First_Intifada,en,2020-08,3.0
2836,First_Intifada,en,2020-07,1.0
2837,First_Intifada,en,2020-06,1.0
2838,First_Intifada,en,2020-05,4.0
2839,First_Intifada,en,2020-04,5.0
2840,First_Intifada,en,2020-03,3.0
2841,First_Intifada,en,2020-02,16.0
2842,First_Intifada,en,2019-12,3.0
2843,First_Intifada,en,2019-10,2.0
2844,First_Intifada,en,2019-09,3.0
2845,First_Intifada,en,2019-08,1.0
2846,First_Intifada,en,2019-03,1.0
2847,First_Intifada,en,2019-02,1.0
2848,First_Intifada,en,2019-01,1.0
2849,First_Intifada,en,2018-10,1.0
2850,First_Intifada,en,2018-07,1.0
2851,First_Intifada,en,2018-06,2.0
2852,First_Intifada,en,2018-05,2.0
2853,First_Intifada,en,2018-04,2.0
2854,First_Intifada,en,2017-12,2.0
2855,First_Intifada,en,2017-10,2.0
2856,First_Intifada,en,2017-07,5.0
2857,First_Intifada,en,2017-06,6.0
2858,First_Intifada,en,2017-04,5.0
2859,First_Intifada,en,2017-03,1.0
2860,First_Intifada,en,2017-02,2.0
2861,First_Intifada,en,2017-01,1.0
2862,First_Intifada,en,2016-12,6.0
2863,First_Intifada,en,2016-11,1.0
2864,First_Intifada,en,2016-10,9.0
2865,First_Intifada,en,2016-07,2.0
2866,First_Intifada,en,2016-06,4.0
2867,First_Intifada,en,2016-05,4.0
2868,First_Intifada,en,2016-04,9.0
2869,First_Intifada,en,2016-03,2.0
2870,First_Intifada,en,2016-02,1.0
2871,First_Intifada,en,2016-01,13.0
2872,First_Intifada,en,2015-12,5.0
2873,First_Intifada,en,2015-11,6.0
2874,First_Intifada,en,2015-10,15.0
2875,First_Intifada,en,2015-09,23.0
2876,First_Intifada,en,2015-08,9.0
2877,First_Intifada,en,2015-07,8.0
2878,First_Intifada,en,2015-06,6.0
2879,First_Intifada,en,2015-05,5.0
2880,First_Intifada,en,2015-04,19.0
2881,First_Intifada,en,2015-03,23.0
2882,First_Intifada,en,2015-01,1.0
2883,First_Intifada,en,2014-12,11.0
2884,First_Intifada,en,2014-11,3.0
2885,First_Intifada,en,2014-10,4.0
2886,First_Intifada,en,2014-09,2.0
2887,First_Intifada,en,2014-08,8.0
2888,First_Intifada,en,2014-07,12.0
2889,First_Intifada,en,2014-06,3.0
2890,First_Intifada,en,2014-05,11.0
2891,First_Intifada,en,2014-04,2.0
2892,First_Intifada,en,2014-03,10.0
2893,First_Intifada,en,2014-02,4.0
2894,First_Intifada,en,2014-01,6.0
2895,First_Intifada,en,2013-12,9.0
2896,First_Intifada,en,2013-10,4.0
2897,First_Intifada,en,2013-09,6.0
2898,First_Intifada,en,2013-08,1.0
2899,First_Intifada,en,2013-07,3.0
2900,First_Intifada,en,2013-06,8.0
2901,First_Intifada,en,2013-05,8.0
2902,First_Intifada,en,2013-04,56.0
2903,First_Intifada,en,2013-03,28.0
2904,First_Intifada,en,2013-02,20.0
2905,First_Intifada,en,2013-01,10.0
2906,First_Intifada,en,2012-12,16.0
2907,First_Intifada,en,2012-11,11.0
2908,First_Intifada,en,2012-10,7.0
2909,First_Intifada,en,2012-09,3.0
2910,First_Intifada,en,2012-08,7.0
2911,First_Intifada,en,2012-07,12.0
2912,First_Intifada,en,2012-06,8.0
2913,First_Intifada,en,2012-05,3.0
2914,First_Intifada,en,2012-04,10.0
2915,First_Intifada,en,2012-03,4.0
2916,First_Intifada,en,2012-02,3.0
2917,First_Intifada,en,2012-01,28.0
2918,First_Intifada,en,2011-12,13.0
2919,First_Intifada,en,2011-11,8.0
2920,First_Intifada,en,2011-10,8.0
2921,First_Intifada,en,2011-09,8.0
2922,First_Intifada,en,2011-08,13.0
2923,First_Intifada,en,2011-07,3.0
2924,First_Intifada,en,2011-06,51.0
2925,First_Intifada,en,2011-05,8.0
2926,First_Intifada,en,2011-04,5.0
2927,First_Intifada,en,2011-03,13.0
2928,First_Intifada,en,2011-02,10.0
2929,First_Intifada,en,2011-01,12.0
2930,First_Intifada,en,2010-12,8.0
2931,First_Intifada,en,2010-11,11.0
2932,First_Intifada,en,2010-10,27.0
2933,First_Intifada,en,2010-09,55.0
2934,First_Intifada,en,2010-08,2.0
2935,First_Intifada,en,2010-07,8.0
2936,First_Intifada,en,2010-06,1.0
2937,First_Intifada,en,2010-05,17.0
2938,First_Intifada,en,2010-04,4.0
2939,First_Intifada,en,2010-03,20.0
2940,First_Intifada,en,2010-02,14.0
2941,First_Intifada,en,2010-01,14.0
2942,First_Intifada,en,2009-11,11.0
2943,First_Intifada,en,2009-10,9.0
2944,First_Intifada,en,2009-09,9.0
2945,First_Intifada,en,2009-08,6.0
2946,First_Intifada,en,2009-07,2.0
2947,First_Intifada,en,2009-06,17.0
2948,First_Intifada,en,2009-05,14.0
2949,First_Intifada,en,2009-04,5.0
2950,First_Intifada,en,2009-03,4.0
2951,First_Intifada,en,2009-02,12.0
2952,First_Intifada,en,2009-01,11.0
2953,First_Intifada,en,2008-12,4.0
2954,First_Intifada,en,2008-11,7.0
2955,First_Intifada,en,2008-10,8.0
2956,First_Intifada,en,2008-09,23.0
2957,First_Intifada,en,2008-08,45.0
2958,First_Intifada,en,2008-07,3.0
2959,First_Intifada,en,2008-06,16.0
2960,First_Intifada,en,2008-05,36.0
2961,First_Intifada,en,2008-04,38.0
2962,First_Intifada,en,2008-03,39.0
2963,First_Intifada,en,2008-02,42.0
2964,First_Intifada,en,2008-01,7.0
2965,First_Intifada,en,2007-12,10.0
2966,First_Intifada,en,2007-11,17.0
2967,First_Intifada,en,2007-10,21.0
2968,First_Intifada,en,2007-09,6.0
2969,First_Intifada,en,2007-08,2.0
2970,First_Intifada,en,2007-07,6.0
2971,First_Intifada,en,2007-06,18.0
2972,First_Intifada,en,2007-05,50.0
2973,First_Intifada,en,2007-04,5.0
2974,First_Intifada,en,2007-03,2.0
2975,First_Intifada,en,2007-02,1.0
2976,First_Intifada,en,2007-01,16.0
2977,First_Intifada,en,2006-12,7.0
2978,First_Intifada,en,2006-11,2.0
2979,First_Intifada,de,,
2980,First_Intifada,ar,,
